lat,lon,sst
4.8125,-169.9792,28.27
4.8125,-169.7708,28.50
4.8125,-169.5625,28.09
4.8125,-169.3542,28.70
4.8125,-169.1458,28.48
4.8125,-168.9375,28.24
4.8125,-168.7292,27.94
4.8125,-168.5208,27.83
4.8125,-168.3125,27.96
4.8125,-168.1042,28.43
4.8125,-167.8958,28.45
4.8125,-167.6875,28.55
4.8125,-167.4792,28.55
4.8125,-167.2708,28.83
4.8125,-167.0625,28.18
4.8125,-166.8542,28.56
4.8125,-166.6458,28.55
4.8125,-166.4375,28.25
4.8125,-166.2292,28.11
4.8125,-166.0208,28.34
4.8125,-165.8125,28.41
4.8125,-165.6042,28.40
4.8125,-165.3958,28.04
4.8125,-165.1875,28.08
4.8125,-164.9792,28.32
4.8125,-164.7708,28.22
4.8125,-164.5625,28.15
4.8125,-164.3542,28.19
4.8125,-164.1458,28.15
4.8125,-163.9375,28.11
4.8125,-163.7292,28.12
4.8125,-163.5208,28.16
4.8125,-163.3125,28.01
4.8125,-163.1042,27.80
4.8125,-162.8958,27.43
4.8125,-162.6875,27.93
4.8125,-162.4792,27.29
4.8125,-162.2708,27.68
4.8125,-162.0625,27.78
4.8125,-161.8542,27.77
4.8125,-161.6458,27.46
4.8125,-161.4375,27.68
4.8125,-161.2292,27.70
4.8125,-161.0208,27.88
4.8125,-160.8125,27.71
4.8125,-160.6042,27.93
4.8125,-160.3958,27.73
4.8125,-160.1875,27.64
4.8125,-159.9792,28.37
4.8125,-159.7708,27.65
4.8125,-159.5625,27.69
4.8125,-159.3542,27.87
4.8125,-159.1458,27.75
4.8125,-158.9375,27.80
4.8125,-158.7292,27.93
4.8125,-158.5208,27.92
4.8125,-158.3125,27.93
4.8125,-158.1042,27.89
4.8125,-157.8958,27.86
4.8125,-157.6875,28.11
4.8125,-157.4792,27.80
4.8125,-157.2708,27.75
4.8125,-157.0625,27.74
4.8125,-156.8542,27.86
4.8125,-156.6458,27.78
4.8125,-156.4375,28.11
4.8125,-156.2292,28.12
4.8125,-156.0208,28.17
4.8125,-155.8125,28.01
4.8125,-155.6042,28.11
4.8125,-155.3958,28.00
4.8125,-155.1875,27.96
4.8125,-154.9792,27.65
4.8125,-154.7708,27.84
4.8125,-154.5625,27.59
4.8125,-154.3542,27.90
4.8125,-154.1458,28.13
4.8125,-153.9375,28.28
4.8125,-153.7292,28.01
4.8125,-153.5208,28.15
4.8125,-153.3125,27.98
4.8125,-153.1042,28.05
4.8125,-152.8958,27.91
4.8125,-152.6875,27.75
4.8125,-152.4792,27.86
4.8125,-152.2708,27.82
4.8125,-152.0625,27.92
4.8125,-151.8542,27.82
4.8125,-151.6458,27.88
4.8125,-151.4375,27.86
4.8125,-151.2292,27.64
4.8125,-151.0208,27.81
4.8125,-150.8125,28.39
4.8125,-150.6042,28.49
4.8125,-150.3958,27.65
4.8125,-150.1875,27.77
4.8125,-149.9792,28.14
4.8125,-149.7708,28.66
4.8125,-149.5625,28.77
4.8125,-149.3542,27.22
4.8125,-149.1458,28.32
4.8125,-148.9375,27.93
4.8125,-148.7292,28.20
4.8125,-148.5208,27.95
4.8125,-148.3125,28.31
4.8125,-148.1042,28.46
4.8125,-147.8958,28.24
4.8125,-147.6875,28.14
4.8125,-147.4792,28.19
4.8125,-147.2708,28.22
4.8125,-147.0625,28.32
4.8125,-146.8542,27.96
4.8125,-146.6458,27.93
4.8125,-146.4375,28.09
4.8125,-146.2292,27.93
4.8125,-146.0208,27.75
4.8125,-145.8125,28.05
4.8125,-145.6042,28.09
4.8125,-145.3958,28.14
4.8125,-145.1875,28.15
4.8125,-144.9792,28.14
4.8125,-144.7708,28.15
4.8125,-144.5625,28.03
4.8125,-144.3542,27.99
4.8125,-144.1458,28.14
4.8125,-143.9375,28.36
4.8125,-143.7292,28.46
4.8125,-143.5208,28.34
4.8125,-143.3125,28.24
4.8125,-143.1042,28.32
4.8125,-142.8958,27.89
4.8125,-142.6875,28.25
4.8125,-142.4792,27.63
4.8125,-142.2708,27.82
4.8125,-142.0625,27.97
4.8125,-141.8542,28.16
4.8125,-141.6458,28.27
4.8125,-141.4375,28.28
4.8125,-141.2292,28.23
4.8125,-141.0208,28.25
4.8125,-140.8125,28.14
4.8125,-140.6042,28.13
4.8125,-140.3958,27.99
4.8125,-140.1875,27.88
4.8125,-139.9792,28.04
4.8125,-139.7708,28.20
4.8125,-139.5625,28.48
4.8125,-139.3542,28.39
4.8125,-139.1458,28.27
4.8125,-138.9375,28.01
4.8125,-138.7292,28.12
4.8125,-138.5208,28.71
4.8125,-138.3125,28.57
4.8125,-138.1042,28.05
4.8125,-137.8958,28.01
4.8125,-137.6875,27.95
4.8125,-137.4792,28.25
4.8125,-137.2708,28.34
4.8125,-137.0625,28.05
4.8125,-136.8542,28.09
4.8125,-136.6458,28.53
4.8125,-136.4375,28.21
4.8125,-136.2292,28.05
4.8125,-136.0208,27.91
4.8125,-135.8125,28.31
4.8125,-135.6042,28.07
4.8125,-135.3958,28.07
4.8125,-135.1875,28.46
4.8125,-134.9792,28.41
4.8125,-134.7708,28.24
4.8125,-134.5625,28.50
4.8125,-134.3542,28.05
4.8125,-134.1458,27.99
4.8125,-133.9375,27.87
4.8125,-133.7292,28.01
4.8125,-133.5208,28.06
4.8125,-133.3125,27.90
4.8125,-133.1042,28.26
4.8125,-132.8958,28.09
4.8125,-132.6875,28.27
4.8125,-132.4792,28.46
4.8125,-132.2708,28.29
4.8125,-132.0625,28.29
4.8125,-131.8542,28.31
4.8125,-131.6458,28.50
4.8125,-131.4375,28.35
4.8125,-131.2292,28.10
4.8125,-131.0208,28.24
4.8125,-130.8125,27.97
4.8125,-130.6042,27.79
4.8125,-130.3958,27.95
4.8125,-130.1875,28.11
4.8125,-129.9792,27.78
4.8125,-129.7708,27.88
4.8125,-129.5625,28.05
4.8125,-129.3542,28.14
4.8125,-129.1458,28.14
4.8125,-128.9375,28.32
4.8125,-128.7292,28.14
4.8125,-128.5208,28.43
4.8125,-128.3125,28.52
4.8125,-128.1042,28.27
4.8125,-127.8958,28.32
4.8125,-127.6875,28.18
4.8125,-127.4792,28.35
4.8125,-127.2708,28.30
4.8125,-127.0625,27.99
4.8125,-126.8542,27.74
4.8125,-126.6458,28.26
4.8125,-126.4375,28.15
4.8125,-126.2292,28.43
4.8125,-126.0208,28.24
4.8125,-125.8125,28.33
4.8125,-125.6042,28.39
4.8125,-125.3958,28.23
4.8125,-125.1875,28.39
4.8125,-124.9792,28.27
4.8125,-124.7708,28.41
4.8125,-124.5625,28.40
4.8125,-124.3542,28.08
4.8125,-124.1458,28.22
4.8125,-123.9375,28.02
4.8125,-123.7292,28.09
4.8125,-123.5208,28.03
4.8125,-123.3125,28.09
4.8125,-123.1042,27.99
4.8125,-122.8958,27.93
4.8125,-122.6875,27.45
4.8125,-122.4792,27.66
4.8125,-122.2708,27.62
4.8125,-122.0625,27.61
4.8125,-121.8542,27.73
4.8125,-121.6458,27.70
4.8125,-121.4375,27.83
4.8125,-121.2292,27.59
4.8125,-121.0208,27.88
4.8125,-120.8125,27.32
4.8125,-120.6042,27.50
4.8125,-120.3958,27.34
4.8125,-120.1875,27.55
4.6042,-169.9792,28.22
4.6042,-169.7708,28.12
4.6042,-169.5625,28.74
4.6042,-169.3542,28.01
4.6042,-169.1458,28.61
4.6042,-168.9375,28.45
4.6042,-168.7292,28.38
4.6042,-168.5208,28.27
4.6042,-168.3125,27.95
4.6042,-168.1042,28.37
4.6042,-167.8958,28.23
4.6042,-167.6875,28.41
4.6042,-167.4792,28.80
4.6042,-167.2708,28.36
4.6042,-167.0625,28.59
4.6042,-166.8542,28.31
4.6042,-166.6458,28.37
4.6042,-166.4375,28.18
4.6042,-166.2292,27.98
4.6042,-166.0208,28.35
4.6042,-165.8125,28.14
4.6042,-165.6042,27.81
4.6042,-165.3958,28.38
4.6042,-165.1875,28.27
4.6042,-164.9792,28.23
4.6042,-164.7708,28.16
4.6042,-164.5625,27.97
4.6042,-164.3542,28.11
4.6042,-164.1458,27.90
4.6042,-163.9375,28.18
4.6042,-163.7292,28.41
4.6042,-163.5208,28.20
4.6042,-163.3125,27.95
4.6042,-163.1042,27.99
4.6042,-162.8958,27.84
4.6042,-162.6875,28.27
4.6042,-162.4792,28.07
4.6042,-162.2708,27.84
4.6042,-162.0625,27.88
4.6042,-161.8542,27.90
4.6042,-161.6458,27.42
4.6042,-161.4375,27.73
4.6042,-161.2292,27.75
4.6042,-161.0208,27.86
4.6042,-160.8125,28.14
4.6042,-160.6042,27.83
4.6042,-160.3958,28.03
4.6042,-160.1875,28.10
4.6042,-159.9792,27.99
4.6042,-159.7708,28.06
4.6042,-159.5625,27.85
4.6042,-159.3542,27.70
4.6042,-159.1458,27.70
4.6042,-158.9375,27.92
4.6042,-158.7292,28.06
4.6042,-158.5208,28.26
4.6042,-158.3125,28.21
4.6042,-158.1042,28.73
4.6042,-157.8958,28.83
4.6042,-157.6875,27.81
4.6042,-157.4792,27.87
4.6042,-157.2708,27.85
4.6042,-157.0625,27.84
4.6042,-156.8542,27.81
4.6042,-156.6458,27.47
4.6042,-156.4375,28.02
4.6042,-156.2292,27.86
4.6042,-156.0208,28.29
4.6042,-155.8125,28.00
4.6042,-155.6042,28.13
4.6042,-155.3958,28.05
4.6042,-155.1875,28.04
4.6042,-154.9792,27.86
4.6042,-154.7708,27.89
4.6042,-154.5625,28.03
4.6042,-154.3542,28.22
4.6042,-154.1458,28.06
4.6042,-153.9375,28.36
4.6042,-153.7292,28.29
4.6042,-153.5208,28.16
4.6042,-153.3125,28.14
4.6042,-153.1042,28.16
4.6042,-152.8958,28.22
4.6042,-152.6875,27.94
4.6042,-152.4792,28.17
4.6042,-152.2708,28.06
4.6042,-152.0625,28.20
4.6042,-151.8542,28.07
4.6042,-151.6458,27.68
4.6042,-151.4375,27.77
4.6042,-151.2292,28.05
4.6042,-151.0208,28.07
4.6042,-150.8125,28.16
4.6042,-150.6042,28.44
4.6042,-150.3958,28.45
4.6042,-150.1875,28.07
4.6042,-149.9792,28.27
4.6042,-149.7708,28.11
4.6042,-149.5625,28.02
4.6042,-149.3542,28.30
4.6042,-149.1458,27.96
4.6042,-148.9375,28.06
4.6042,-148.7292,28.22
4.6042,-148.5208,28.34
4.6042,-148.3125,28.06
4.6042,-148.1042,28.22
4.6042,-147.8958,28.23
4.6042,-147.6875,28.08
4.6042,-147.4792,28.20
4.6042,-147.2708,28.30
4.6042,-147.0625,28.29
4.6042,-146.8542,28.21
4.6042,-146.6458,28.12
4.6042,-146.4375,28.16
4.6042,-146.2292,28.07
4.6042,-146.0208,27.89
4.6042,-145.8125,27.93
4.6042,-145.6042,28.23
4.6042,-145.3958,28.15
4.6042,-145.1875,28.14
4.6042,-144.9792,28.07
4.6042,-144.7708,28.17
4.6042,-144.5625,28.20
4.6042,-144.3542,28.25
4.6042,-144.1458,28.29
4.6042,-143.9375,28.35
4.6042,-143.7292,28.31
4.6042,-143.5208,28.35
4.6042,-143.3125,28.21
4.6042,-143.1042,28.18
4.6042,-142.8958,28.19
4.6042,-142.6875,27.91
4.6042,-142.4792,28.02
4.6042,-142.2708,28.20
4.6042,-142.0625,28.11
4.6042,-141.8542,28.29
4.6042,-141.6458,28.43
4.6042,-141.4375,28.31
4.6042,-141.2292,28.39
4.6042,-141.0208,28.10
4.6042,-140.8125,28.39
4.6042,-140.6042,27.89
4.6042,-140.3958,28.16
4.6042,-140.1875,28.16
4.6042,-139.9792,28.05
4.6042,-139.7708,28.04
4.6042,-139.5625,28.55
4.6042,-139.3542,28.37
4.6042,-139.1458,28.18
4.6042,-138.9375,28.22
4.6042,-138.7292,28.19
4.6042,-138.5208,28.25
4.6042,-138.3125,28.24
4.6042,-138.1042,28.05
4.6042,-137.8958,28.11
4.6042,-137.6875,28.25
4.6042,-137.4792,28.35
4.6042,-137.2708,28.17
4.6042,-137.0625,28.16
4.6042,-136.8542,28.38
4.6042,-136.6458,28.12
4.6042,-136.4375,28.30
4.6042,-136.2292,28.79
4.6042,-136.0208,28.30
4.6042,-135.8125,27.81
4.6042,-135.6042,28.25
4.6042,-135.3958,28.48
4.6042,-135.1875,28.31
4.6042,-134.9792,28.22
4.6042,-134.7708,28.44
4.6042,-134.5625,28.41
4.6042,-134.3542,28.12
4.6042,-134.1458,28.30
4.6042,-133.9375,27.82
4.6042,-133.7292,28.11
4.6042,-133.5208,28.12
4.6042,-133.3125,28.05
4.6042,-133.1042,27.99
4.6042,-132.8958,28.05
4.6042,-132.6875,28.33
4.6042,-132.4792,28.24
4.6042,-132.2708,28.29
4.6042,-132.0625,28.42
4.6042,-131.8542,28.41
4.6042,-131.6458,28.20
4.6042,-131.4375,28.38
4.6042,-131.2292,28.04
4.6042,-131.0208,28.32
4.6042,-130.8125,28.20
4.6042,-130.6042,28.00
4.6042,-130.3958,28.17
4.6042,-130.1875,28.01
4.6042,-129.9792,27.93
4.6042,-129.7708,27.70
4.6042,-129.5625,28.05
4.6042,-129.3542,28.15
4.6042,-129.1458,28.28
4.6042,-128.9375,28.34
4.6042,-128.7292,28.27
4.6042,-128.5208,28.52
4.6042,-128.3125,28.25
4.6042,-128.1042,28.29
4.6042,-127.8958,28.30
4.6042,-127.6875,28.05
4.6042,-127.4792,28.00
4.6042,-127.2708,28.09
4.6042,-127.0625,27.97
4.6042,-126.8542,27.96
4.6042,-126.6458,28.14
4.6042,-126.4375,28.13
4.6042,-126.2292,28.20
4.6042,-126.0208,28.21
4.6042,-125.8125,28.34
4.6042,-125.6042,28.07
4.6042,-125.3958,28.26
4.6042,-125.1875,28.44
4.6042,-124.9792,28.23
4.6042,-124.7708,28.33
4.6042,-124.5625,28.17
4.6042,-124.3542,28.16
4.6042,-124.1458,28.09
4.6042,-123.9375,28.56
4.6042,-123.7292,28.04
4.6042,-123.5208,28.09
4.6042,-123.3125,27.97
4.6042,-123.1042,27.71
4.6042,-122.8958,27.85
4.6042,-122.6875,27.85
4.6042,-122.4792,27.31
4.6042,-122.2708,27.47
4.6042,-122.0625,27.43
4.6042,-121.8542,27.70
4.6042,-121.6458,27.81
4.6042,-121.4375,27.36
4.6042,-121.2292,27.61
4.6042,-121.0208,27.64
4.6042,-120.8125,27.24
4.6042,-120.6042,27.53
4.6042,-120.3958,27.55
4.6042,-120.1875,27.60
4.3958,-169.9792,28.51
4.3958,-169.7708,28.44
4.3958,-169.5625,28.36
4.3958,-169.3542,28.36
4.3958,-169.1458,28.55
4.3958,-168.9375,28.27
4.3958,-168.7292,28.52
4.3958,-168.5208,28.06
4.3958,-168.3125,28.11
4.3958,-168.1042,28.52
4.3958,-167.8958,27.90
4.3958,-167.6875,28.62
4.3958,-167.4792,28.61
4.3958,-167.2708,28.70
4.3958,-167.0625,28.71
4.3958,-166.8542,28.75
4.3958,-166.6458,28.32
4.3958,-166.4375,27.82
4.3958,-166.2292,28.22
4.3958,-166.0208,28.31
4.3958,-165.8125,28.14
4.3958,-165.6042,28.82
4.3958,-165.3958,28.44
4.3958,-165.1875,28.38
4.3958,-164.9792,28.48
4.3958,-164.7708,28.44
4.3958,-164.5625,28.36
4.3958,-164.3542,28.14
4.3958,-164.1458,28.24
4.3958,-163.9375,28.09
4.3958,-163.7292,28.17
4.3958,-163.5208,28.25
4.3958,-163.3125,28.05
4.3958,-163.1042,28.29
4.3958,-162.8958,28.22
4.3958,-162.6875,28.20
4.3958,-162.4792,28.23
4.3958,-162.2708,28.13
4.3958,-162.0625,27.62
4.3958,-161.8542,27.81
4.3958,-161.6458,27.82
4.3958,-161.4375,27.98
4.3958,-161.2292,28.16
4.3958,-161.0208,27.99
4.3958,-160.8125,28.37
4.3958,-160.6042,28.04
4.3958,-160.3958,28.25
4.3958,-160.1875,28.11
4.3958,-159.9792,28.05
4.3958,-159.7708,28.21
4.3958,-159.5625,27.74
4.3958,-159.3542,27.70
4.3958,-159.1458,27.76
4.3958,-158.9375,27.91
4.3958,-158.7292,28.41
4.3958,-158.5208,28.59
4.3958,-158.3125,28.21
4.3958,-158.1042,27.88
4.3958,-157.8958,28.20
4.3958,-157.6875,27.93
4.3958,-157.4792,27.74
4.3958,-157.2708,27.99
4.3958,-157.0625,28.02
4.3958,-156.8542,27.77
4.3958,-156.6458,27.75
4.3958,-156.4375,28.05
4.3958,-156.2292,28.06
4.3958,-156.0208,27.99
4.3958,-155.8125,27.98
4.3958,-155.6042,28.15
4.3958,-155.3958,28.04
4.3958,-155.1875,28.27
4.3958,-154.9792,28.12
4.3958,-154.7708,27.95
4.3958,-154.5625,28.39
4.3958,-154.3542,28.18
4.3958,-154.1458,28.21
4.3958,-153.9375,28.27
4.3958,-153.7292,28.09
4.3958,-153.5208,28.11
4.3958,-153.3125,28.06
4.3958,-153.1042,28.45
4.3958,-152.8958,28.34
4.3958,-152.6875,28.14
4.3958,-152.4792,28.30
4.3958,-152.2708,28.04
4.3958,-152.0625,28.32
4.3958,-151.8542,28.12
4.3958,-151.6458,27.76
4.3958,-151.4375,27.89
4.3958,-151.2292,28.11
4.3958,-151.0208,27.86
4.3958,-150.8125,28.47
4.3958,-150.6042,28.67
4.3958,-150.3958,28.18
4.3958,-150.1875,28.79
4.3958,-149.9792,28.05
4.3958,-149.7708,28.18
4.3958,-149.5625,28.02
4.3958,-149.3542,28.21
4.3958,-149.1458,28.09
4.3958,-148.9375,28.05
4.3958,-148.7292,28.22
4.3958,-148.5208,28.35
4.3958,-148.3125,28.34
4.3958,-148.1042,28.27
4.3958,-147.8958,28.36
4.3958,-147.6875,28.10
4.3958,-147.4792,28.02
4.3958,-147.2708,28.18
4.3958,-147.0625,28.43
4.3958,-146.8542,28.27
4.3958,-146.6458,28.42
4.3958,-146.4375,28.27
4.3958,-146.2292,28.25
4.3958,-146.0208,28.18
4.3958,-145.8125,28.31
4.3958,-145.6042,28.06
4.3958,-145.3958,27.97
4.3958,-145.1875,28.00
4.3958,-144.9792,28.18
4.3958,-144.7708,28.33
4.3958,-144.5625,28.36
4.3958,-144.3542,28.37
4.3958,-144.1458,28.17
4.3958,-143.9375,28.46
4.3958,-143.7292,28.40
4.3958,-143.5208,28.47
4.3958,-143.3125,28.46
4.3958,-143.1042,28.22
4.3958,-142.8958,28.14
4.3958,-142.6875,28.30
4.3958,-142.4792,28.56
4.3958,-142.2708,28.40
4.3958,-142.0625,28.16
4.3958,-141.8542,28.02
4.3958,-141.6458,28.21
4.3958,-141.4375,28.36
4.3958,-141.2292,28.43
4.3958,-141.0208,28.51
4.3958,-140.8125,28.18
4.3958,-140.6042,28.29
4.3958,-140.3958,28.15
4.3958,-140.1875,27.80
4.3958,-139.9792,28.36
4.3958,-139.7708,28.29
4.3958,-139.5625,28.42
4.3958,-139.3542,28.33
4.3958,-139.1458,28.29
4.3958,-138.9375,28.29
4.3958,-138.7292,28.16
4.3958,-138.5208,28.16
4.3958,-138.3125,28.28
4.3958,-138.1042,28.22
4.3958,-137.8958,28.43
4.3958,-137.6875,28.27
4.3958,-137.4792,28.13
4.3958,-137.2708,28.34
4.3958,-137.0625,28.20
4.3958,-136.8542,28.36
4.3958,-136.6458,28.26
4.3958,-136.4375,28.04
4.3958,-136.2292,28.13
4.3958,-136.0208,28.47
4.3958,-135.8125,28.33
4.3958,-135.6042,28.49
4.3958,-135.3958,28.32
4.3958,-135.1875,28.46
4.3958,-134.9792,28.25
4.3958,-134.7708,27.86
4.3958,-134.5625,28.38
4.3958,-134.3542,28.61
4.3958,-134.1458,28.37
4.3958,-133.9375,28.52
4.3958,-133.7292,28.48
4.3958,-133.5208,28.39
4.3958,-133.3125,28.46
4.3958,-133.1042,28.24
4.3958,-132.8958,27.97
4.3958,-132.6875,27.83
4.3958,-132.4792,27.42
4.3958,-132.2708,28.38
4.3958,-132.0625,28.54
4.3958,-131.8542,28.34
4.3958,-131.6458,28.25
4.3958,-131.4375,28.30
4.3958,-131.2292,28.41
4.3958,-131.0208,28.27
4.3958,-130.8125,28.14
4.3958,-130.6042,28.05
4.3958,-130.3958,28.34
4.3958,-130.1875,28.11
4.3958,-129.9792,28.11
4.3958,-129.7708,28.05
4.3958,-129.5625,28.00
4.3958,-129.3542,28.41
4.3958,-129.1458,28.36
4.3958,-128.9375,28.14
4.3958,-128.7292,28.50
4.3958,-128.5208,28.43
4.3958,-128.3125,28.15
4.3958,-128.1042,28.24
4.3958,-127.8958,28.11
4.3958,-127.6875,27.93
4.3958,-127.4792,28.09
4.3958,-127.2708,28.04
4.3958,-127.0625,28.11
4.3958,-126.8542,27.99
4.3958,-126.6458,28.11
4.3958,-126.4375,28.18
4.3958,-126.2292,28.29
4.3958,-126.0208,28.34
4.3958,-125.8125,28.25
4.3958,-125.6042,28.24
4.3958,-125.3958,28.30
4.3958,-125.1875,28.49
4.3958,-124.9792,28.37
4.3958,-124.7708,28.31
4.3958,-124.5625,27.98
4.3958,-124.3542,28.01
4.3958,-124.1458,28.11
4.3958,-123.9375,28.04
4.3958,-123.7292,27.82
4.3958,-123.5208,27.91
4.3958,-123.3125,27.59
4.3958,-123.1042,27.65
4.3958,-122.8958,27.84
4.3958,-122.6875,27.64
4.3958,-122.4792,27.71
4.3958,-122.2708,27.62
4.3958,-122.0625,27.96
4.3958,-121.8542,27.71
4.3958,-121.6458,27.48
4.3958,-121.4375,27.52
4.3958,-121.2292,27.59
4.3958,-121.0208,27.84
4.3958,-120.8125,27.73
4.3958,-120.6042,27.50
4.3958,-120.3958,27.50
4.3958,-120.1875,27.61
4.1875,-169.9792,28.41
4.1875,-169.7708,28.46
4.1875,-169.5625,28.30
4.1875,-169.3542,28.50
4.1875,-169.1458,28.59
4.1875,-168.9375,28.55
4.1875,-168.7292,28.66
4.1875,-168.5208,28.21
4.1875,-168.3125,28.66
4.1875,-168.1042,28.72
4.1875,-167.8958,28.64
4.1875,-167.6875,28.73
4.1875,-167.4792,28.64
4.1875,-167.2708,28.76
4.1875,-167.0625,28.85
4.1875,-166.8542,28.95
4.1875,-166.6458,28.78
4.1875,-166.4375,28.29
4.1875,-166.2292,28.52
4.1875,-166.0208,28.40
4.1875,-165.8125,28.47
4.1875,-165.6042,28.68
4.1875,-165.3958,28.56
4.1875,-165.1875,28.37
4.1875,-164.9792,28.53
4.1875,-164.7708,28.54
4.1875,-164.5625,28.41
4.1875,-164.3542,28.40
4.1875,-164.1458,28.11
4.1875,-163.9375,28.36
4.1875,-163.7292,28.30
4.1875,-163.5208,28.47
4.1875,-163.3125,28.54
4.1875,-163.1042,28.19
4.1875,-162.8958,28.14
4.1875,-162.6875,28.00
4.1875,-162.4792,28.09
4.1875,-162.2708,28.16
4.1875,-162.0625,28.00
4.1875,-161.8542,27.93
4.1875,-161.6458,28.01
4.1875,-161.4375,28.26
4.1875,-161.2292,28.21
4.1875,-161.0208,28.15
4.1875,-160.8125,28.48
4.1875,-160.6042,27.62
4.1875,-160.3958,27.76
4.1875,-160.1875,27.84
4.1875,-159.9792,27.98
4.1875,-159.7708,27.91
4.1875,-159.5625,28.04
4.1875,-159.3542,27.88
4.1875,-159.1458,28.09
4.1875,-158.9375,28.22
4.1875,-158.7292,27.99
4.1875,-158.5208,28.36
4.1875,-158.3125,27.99
4.1875,-158.1042,28.29
4.1875,-157.8958,28.07
4.1875,-157.6875,27.91
4.1875,-157.4792,28.09
4.1875,-157.2708,27.90
4.1875,-157.0625,28.12
4.1875,-156.8542,27.82
4.1875,-156.6458,27.96
4.1875,-156.4375,28.14
4.1875,-156.2292,27.96
4.1875,-156.0208,27.91
4.1875,-155.8125,27.89
4.1875,-155.6042,28.11
4.1875,-155.3958,28.00
4.1875,-155.1875,28.20
4.1875,-154.9792,28.12
4.1875,-154.7708,28.16
4.1875,-154.5625,28.17
4.1875,-154.3542,28.19
4.1875,-154.1458,28.12
4.1875,-153.9375,28.15
4.1875,-153.7292,27.99
4.1875,-153.5208,28.16
4.1875,-153.3125,28.20
4.1875,-153.1042,28.30
4.1875,-152.8958,28.12
4.1875,-152.6875,28.20
4.1875,-152.4792,28.29
4.1875,-152.2708,28.27
4.1875,-152.0625,28.25
4.1875,-151.8542,28.16
4.1875,-151.6458,28.05
4.1875,-151.4375,28.00
4.1875,-151.2292,28.24
4.1875,-151.0208,28.72
4.1875,-150.8125,28.34
4.1875,-150.6042,28.15
4.1875,-150.3958,28.44
4.1875,-150.1875,28.55
4.1875,-149.9792,28.45
4.1875,-149.7708,28.52
4.1875,-149.5625,27.96
4.1875,-149.3542,28.54
4.1875,-149.1458,28.54
4.1875,-148.9375,28.24
4.1875,-148.7292,28.54
4.1875,-148.5208,28.41
4.1875,-148.3125,28.51
4.1875,-148.1042,28.18
4.1875,-147.8958,28.32
4.1875,-147.6875,28.08
4.1875,-147.4792,28.25
4.1875,-147.2708,28.20
4.1875,-147.0625,28.43
4.1875,-146.8542,28.16
4.1875,-146.6458,28.35
4.1875,-146.4375,28.34
4.1875,-146.2292,28.12
4.1875,-146.0208,28.30
4.1875,-145.8125,28.24
4.1875,-145.6042,28.20
4.1875,-145.3958,28.30
4.1875,-145.1875,28.02
4.1875,-144.9792,28.12
4.1875,-144.7708,28.24
4.1875,-144.5625,28.32
4.1875,-144.3542,28.43
4.1875,-144.1458,28.32
4.1875,-143.9375,28.30
4.1875,-143.7292,28.11
4.1875,-143.5208,28.11
4.1875,-143.3125,28.38
4.1875,-143.1042,28.38
4.1875,-142.8958,28.14
4.1875,-142.6875,28.27
4.1875,-142.4792,28.27
4.1875,-142.2708,28.34
4.1875,-142.0625,28.43
4.1875,-141.8542,28.09
4.1875,-141.6458,27.81
4.1875,-141.4375,28.27
4.1875,-141.2292,28.21
4.1875,-141.0208,28.40
4.1875,-140.8125,28.31
4.1875,-140.6042,28.11
4.1875,-140.3958,28.10
4.1875,-140.1875,27.97
4.1875,-139.9792,27.91
4.1875,-139.7708,28.02
4.1875,-139.5625,28.26
4.1875,-139.3542,28.31
4.1875,-139.1458,28.19
4.1875,-138.9375,28.23
4.1875,-138.7292,28.28
4.1875,-138.5208,28.11
4.1875,-138.3125,28.20
4.1875,-138.1042,28.09
4.1875,-137.8958,28.27
4.1875,-137.6875,28.36
4.1875,-137.4792,28.25
4.1875,-137.2708,28.32
4.1875,-137.0625,28.27
4.1875,-136.8542,28.21
4.1875,-136.6458,28.18
4.1875,-136.4375,28.05
4.1875,-136.2292,28.34
4.1875,-136.0208,28.32
4.1875,-135.8125,28.21
4.1875,-135.6042,28.06
4.1875,-135.3958,28.22
4.1875,-135.1875,28.04
4.1875,-134.9792,27.92
4.1875,-134.7708,28.18
4.1875,-134.5625,28.52
4.1875,-134.3542,28.07
4.1875,-134.1458,28.08
4.1875,-133.9375,28.13
4.1875,-133.7292,28.07
4.1875,-133.5208,28.23
4.1875,-133.3125,28.50
4.1875,-133.1042,28.04
4.1875,-132.8958,28.02
4.1875,-132.6875,28.11
4.1875,-132.4792,28.04
4.1875,-132.2708,28.15
4.1875,-132.0625,28.45
4.1875,-131.8542,28.31
4.1875,-131.6458,28.24
4.1875,-131.4375,28.48
4.1875,-131.2292,28.47
4.1875,-131.0208,28.25
4.1875,-130.8125,28.35
4.1875,-130.6042,28.07
4.1875,-130.3958,28.11
4.1875,-130.1875,28.07
4.1875,-129.9792,28.28
4.1875,-129.7708,27.94
4.1875,-129.5625,28.14
4.1875,-129.3542,28.22
4.1875,-129.1458,28.22
4.1875,-128.9375,28.43
4.1875,-128.7292,28.34
4.1875,-128.5208,28.36
4.1875,-128.3125,28.23
4.1875,-128.1042,28.26
4.1875,-127.8958,28.11
4.1875,-127.6875,28.05
4.1875,-127.4792,28.20
4.1875,-127.2708,28.11
4.1875,-127.0625,28.04
4.1875,-126.8542,28.19
4.1875,-126.6458,28.11
4.1875,-126.4375,28.28
4.1875,-126.2292,28.21
4.1875,-126.0208,28.22
4.1875,-125.8125,28.26
4.1875,-125.6042,27.99
4.1875,-125.3958,28.25
4.1875,-125.1875,28.37
4.1875,-124.9792,28.30
4.1875,-124.7708,28.12
4.1875,-124.5625,28.09
4.1875,-124.3542,28.01
4.1875,-124.1458,27.88
4.1875,-123.9375,27.91
4.1875,-123.7292,27.61
4.1875,-123.5208,27.62
4.1875,-123.3125,27.57
4.1875,-123.1042,27.89
4.1875,-122.8958,27.79
4.1875,-122.6875,27.66
4.1875,-122.4792,27.51
4.1875,-122.2708,27.62
4.1875,-122.0625,27.69
4.1875,-121.8542,27.70
4.1875,-121.6458,27.71
4.1875,-121.4375,27.88
4.1875,-121.2292,27.62
4.1875,-121.0208,27.70
4.1875,-120.8125,27.89
4.1875,-120.6042,27.77
4.1875,-120.3958,27.63
4.1875,-120.1875,27.73
3.9792,-169.9792,28.56
3.9792,-169.7708,28.23
3.9792,-169.5625,28.31
3.9792,-169.3542,28.31
3.9792,-169.1458,28.34
3.9792,-168.9375,28.73
3.9792,-168.7292,28.62
3.9792,-168.5208,28.62
3.9792,-168.3125,28.56
3.9792,-168.1042,28.64
3.9792,-167.8958,28.55
3.9792,-167.6875,28.79
3.9792,-167.4792,28.81
3.9792,-167.2708,28.75
3.9792,-167.0625,29.05
3.9792,-166.8542,28.70
3.9792,-166.6458,28.73
3.9792,-166.4375,28.22
3.9792,-166.2292,28.24
3.9792,-166.0208,27.98
3.9792,-165.8125,28.32
3.9792,-165.6042,28.40
3.9792,-165.3958,28.57
3.9792,-165.1875,28.38
3.9792,-164.9792,28.40
3.9792,-164.7708,28.48
3.9792,-164.5625,28.43
3.9792,-164.3542,28.55
3.9792,-164.1458,28.23
3.9792,-163.9375,28.42
3.9792,-163.7292,28.30
3.9792,-163.5208,28.45
3.9792,-163.3125,28.59
3.9792,-163.1042,27.91
3.9792,-162.8958,28.09
3.9792,-162.6875,27.61
3.9792,-162.4792,28.18
3.9792,-162.2708,28.16
3.9792,-162.0625,28.11
3.9792,-161.8542,28.14
3.9792,-161.6458,27.90
3.9792,-161.4375,28.38
3.9792,-161.2292,28.22
3.9792,-161.0208,28.58
3.9792,-160.8125,28.02
3.9792,-160.6042,28.14
3.9792,-160.3958,27.95
3.9792,-160.1875,28.12
3.9792,-159.9792,28.40
3.9792,-159.7708,28.25
3.9792,-159.5625,28.12
3.9792,-159.3542,27.99
3.9792,-159.1458,28.05
3.9792,-158.9375,28.22
3.9792,-158.7292,28.18
3.9792,-158.5208,28.31
3.9792,-158.3125,28.27
3.9792,-158.1042,28.00
3.9792,-157.8958,27.91
3.9792,-157.6875,27.88
3.9792,-157.4792,28.09
3.9792,-157.2708,27.93
3.9792,-157.0625,27.89
3.9792,-156.8542,28.16
3.9792,-156.6458,28.15
3.9792,-156.4375,28.21
3.9792,-156.2292,28.29
3.9792,-156.0208,28.15
3.9792,-155.8125,27.90
3.9792,-155.6042,28.09
3.9792,-155.3958,28.06
3.9792,-155.1875,28.07
3.9792,-154.9792,28.14
3.9792,-154.7708,28.09
3.9792,-154.5625,27.98
3.9792,-154.3542,28.05
3.9792,-154.1458,28.09
3.9792,-153.9375,28.06
3.9792,-153.7292,28.27
3.9792,-153.5208,28.14
3.9792,-153.3125,28.28
3.9792,-153.1042,28.20
3.9792,-152.8958,28.20
3.9792,-152.6875,28.35
3.9792,-152.4792,28.27
3.9792,-152.2708,28.16
3.9792,-152.0625,28.07
3.9792,-151.8542,28.02
3.9792,-151.6458,28.11
3.9792,-151.4375,28.01
3.9792,-151.2292,28.20
3.9792,-151.0208,28.21
3.9792,-150.8125,28.41
3.9792,-150.6042,28.53
3.9792,-150.3958,28.45
3.9792,-150.1875,28.42
3.9792,-149.9792,28.25
3.9792,-149.7708,28.34
3.9792,-149.5625,28.29
3.9792,-149.3542,28.24
3.9792,-149.1458,28.39
3.9792,-148.9375,28.31
3.9792,-148.7292,28.22
3.9792,-148.5208,28.45
3.9792,-148.3125,28.32
3.9792,-148.1042,28.21
3.9792,-147.8958,28.06
3.9792,-147.6875,28.26
3.9792,-147.4792,28.38
3.9792,-147.2708,28.30
3.9792,-147.0625,28.19
3.9792,-146.8542,28.21
3.9792,-146.6458,28.21
3.9792,-146.4375,28.15
3.9792,-146.2292,28.05
3.9792,-146.0208,28.32
3.9792,-145.8125,28.49
3.9792,-145.6042,28.39
3.9792,-145.3958,28.11
3.9792,-145.1875,27.99
3.9792,-144.9792,28.23
3.9792,-144.7708,28.20
3.9792,-144.5625,28.34
3.9792,-144.3542,28.34
3.9792,-144.1458,28.29
3.9792,-143.9375,28.24
3.9792,-143.7292,28.18
3.9792,-143.5208,28.25
3.9792,-143.3125,28.34
3.9792,-143.1042,28.18
3.9792,-142.8958,28.44
3.9792,-142.6875,28.27
3.9792,-142.4792,28.02
3.9792,-142.2708,28.21
3.9792,-142.0625,28.52
3.9792,-141.8542,28.20
3.9792,-141.6458,27.93
3.9792,-141.4375,27.93
3.9792,-141.2292,27.98
3.9792,-141.0208,28.27
3.9792,-140.8125,28.08
3.9792,-140.6042,28.07
3.9792,-140.3958,28.16
3.9792,-140.1875,28.14
3.9792,-139.9792,27.97
3.9792,-139.7708,28.13
3.9792,-139.5625,28.14
3.9792,-139.3542,28.17
3.9792,-139.1458,28.32
3.9792,-138.9375,28.31
3.9792,-138.7292,28.09
3.9792,-138.5208,28.15
3.9792,-138.3125,28.26
3.9792,-138.1042,28.05
3.9792,-137.8958,28.18
3.9792,-137.6875,28.59
3.9792,-137.4792,28.27
3.9792,-137.2708,28.44
3.9792,-137.0625,28.27
3.9792,-136.8542,28.05
3.9792,-136.6458,28.11
3.9792,-136.4375,28.04
3.9792,-136.2292,28.01
3.9792,-136.0208,28.00
3.9792,-135.8125,28.20
3.9792,-135.6042,27.90
3.9792,-135.3958,28.26
3.9792,-135.1875,27.91
3.9792,-134.9792,27.81
3.9792,-134.7708,27.89
3.9792,-134.5625,27.91
3.9792,-134.3542,28.07
3.9792,-134.1458,27.96
3.9792,-133.9375,27.90
3.9792,-133.7292,27.89
3.9792,-133.5208,28.00
3.9792,-133.3125,28.18
3.9792,-133.1042,28.04
3.9792,-132.8958,28.04
3.9792,-132.6875,28.27
3.9792,-132.4792,28.29
3.9792,-132.2708,28.33
3.9792,-132.0625,28.33
3.9792,-131.8542,28.34
3.9792,-131.6458,28.33
3.9792,-131.4375,28.41
3.9792,-131.2292,28.33
3.9792,-131.0208,28.21
3.9792,-130.8125,28.41
3.9792,-130.6042,28.39
3.9792,-130.3958,28.34
3.9792,-130.1875,28.31
3.9792,-129.9792,28.25
3.9792,-129.7708,28.07
3.9792,-129.5625,27.88
3.9792,-129.3542,28.11
3.9792,-129.1458,28.16
3.9792,-128.9375,28.31
3.9792,-128.7292,28.40
3.9792,-128.5208,28.47
3.9792,-128.3125,28.27
3.9792,-128.1042,28.13
3.9792,-127.8958,28.25
3.9792,-127.6875,27.94
3.9792,-127.4792,28.14
3.9792,-127.2708,27.96
3.9792,-127.0625,28.18
3.9792,-126.8542,28.29
3.9792,-126.6458,28.27
3.9792,-126.4375,28.29
3.9792,-126.2292,28.18
3.9792,-126.0208,28.11
3.9792,-125.8125,28.13
3.9792,-125.6042,28.02
3.9792,-125.3958,28.20
3.9792,-125.1875,28.29
3.9792,-124.9792,28.20
3.9792,-124.7708,28.07
3.9792,-124.5625,27.86
3.9792,-124.3542,27.73
3.9792,-124.1458,27.71
3.9792,-123.9375,27.52
3.9792,-123.7292,27.12
3.9792,-123.5208,27.16
3.9792,-123.3125,27.24
3.9792,-123.1042,27.54
3.9792,-122.8958,27.81
3.9792,-122.6875,27.69
3.9792,-122.4792,27.57
3.9792,-122.2708,27.67
3.9792,-122.0625,27.70
3.9792,-121.8542,27.64
3.9792,-121.6458,27.95
3.9792,-121.4375,27.84
3.9792,-121.2292,27.89
3.9792,-121.0208,27.90
3.9792,-120.8125,27.85
3.9792,-120.6042,27.95
3.9792,-120.3958,27.70
3.9792,-120.1875,27.80
3.7708,-169.9792,28.55
3.7708,-169.7708,28.54
3.7708,-169.5625,28.62
3.7708,-169.3542,27.91
3.7708,-169.1458,28.21
3.7708,-168.9375,27.82
3.7708,-168.7292,28.32
3.7708,-168.5208,28.77
3.7708,-168.3125,28.48
3.7708,-168.1042,28.45
3.7708,-167.8958,28.55
3.7708,-167.6875,28.61
3.7708,-167.4792,28.54
3.7708,-167.2708,28.72
3.7708,-167.0625,28.54
3.7708,-166.8542,28.70
3.7708,-166.6458,28.56
3.7708,-166.4375,28.34
3.7708,-166.2292,28.18
3.7708,-166.0208,28.17
3.7708,-165.8125,28.21
3.7708,-165.6042,28.36
3.7708,-165.3958,28.79
3.7708,-165.1875,28.36
3.7708,-164.9792,28.50
3.7708,-164.7708,28.39
3.7708,-164.5625,28.61
3.7708,-164.3542,28.32
3.7708,-164.1458,28.56
3.7708,-163.9375,28.39
3.7708,-163.7292,28.47
3.7708,-163.5208,28.55
3.7708,-163.3125,28.44
3.7708,-163.1042,28.39
3.7708,-162.8958,27.89
3.7708,-162.6875,27.98
3.7708,-162.4792,27.89
3.7708,-162.2708,28.37
3.7708,-162.0625,28.27
3.7708,-161.8542,28.07
3.7708,-161.6458,28.27
3.7708,-161.4375,28.07
3.7708,-161.2292,28.00
3.7708,-161.0208,28.27
3.7708,-160.8125,28.63
3.7708,-160.6042,28.14
3.7708,-160.3958,28.16
3.7708,-160.1875,28.09
3.7708,-159.9792,28.45
3.7708,-159.7708,28.43
3.7708,-159.5625,28.45
3.7708,-159.3542,28.09
3.7708,-159.1458,28.27
3.7708,-158.9375,28.02
3.7708,-158.7292,27.88
3.7708,-158.5208,28.05
3.7708,-158.3125,28.61
3.7708,-158.1042,28.26
3.7708,-157.8958,27.85
3.7708,-157.6875,27.82
3.7708,-157.4792,28.14
3.7708,-157.2708,27.96
3.7708,-157.0625,27.85
3.7708,-156.8542,28.02
3.7708,-156.6458,28.18
3.7708,-156.4375,28.34
3.7708,-156.2292,27.94
3.7708,-156.0208,27.95
3.7708,-155.8125,28.06
3.7708,-155.6042,28.15
3.7708,-155.3958,28.12
3.7708,-155.1875,28.33
3.7708,-154.9792,28.16
3.7708,-154.7708,28.18
3.7708,-154.5625,28.11
3.7708,-154.3542,28.04
3.7708,-154.1458,28.06
3.7708,-153.9375,28.17
3.7708,-153.7292,28.10
3.7708,-153.5208,28.09
3.7708,-153.3125,28.18
3.7708,-153.1042,28.21
3.7708,-152.8958,27.97
3.7708,-152.6875,28.39
3.7708,-152.4792,28.23
3.7708,-152.2708,28.22
3.7708,-152.0625,28.16
3.7708,-151.8542,28.07
3.7708,-151.6458,28.11
3.7708,-151.4375,28.02
3.7708,-151.2292,28.19
3.7708,-151.0208,28.27
3.7708,-150.8125,28.41
3.7708,-150.6042,28.39
3.7708,-150.3958,28.21
3.7708,-150.1875,28.27
3.7708,-149.9792,28.39
3.7708,-149.7708,28.19
3.7708,-149.5625,28.71
3.7708,-149.3542,28.21
3.7708,-149.1458,28.21
3.7708,-148.9375,28.29
3.7708,-148.7292,28.40
3.7708,-148.5208,28.30
3.7708,-148.3125,28.45
3.7708,-148.1042,28.16
3.7708,-147.8958,28.13
3.7708,-147.6875,28.08
3.7708,-147.4792,28.33
3.7708,-147.2708,28.21
3.7708,-147.0625,28.27
3.7708,-146.8542,28.35
3.7708,-146.6458,28.14
3.7708,-146.4375,28.22
3.7708,-146.2292,28.18
3.7708,-146.0208,28.27
3.7708,-145.8125,28.11
3.7708,-145.6042,28.16
3.7708,-145.3958,28.18
3.7708,-145.1875,28.24
3.7708,-144.9792,28.20
3.7708,-144.7708,28.22
3.7708,-144.5625,28.18
3.7708,-144.3542,28.07
3.7708,-144.1458,28.19
3.7708,-143.9375,28.33
3.7708,-143.7292,28.34
3.7708,-143.5208,28.23
3.7708,-143.3125,28.06
3.7708,-143.1042,28.34
3.7708,-142.8958,28.34
3.7708,-142.6875,28.19
3.7708,-142.4792,28.31
3.7708,-142.2708,28.27
3.7708,-142.0625,28.54
3.7708,-141.8542,28.17
3.7708,-141.6458,28.27
3.7708,-141.4375,27.95
3.7708,-141.2292,27.98
3.7708,-141.0208,28.21
3.7708,-140.8125,27.93
3.7708,-140.6042,28.20
3.7708,-140.3958,28.09
3.7708,-140.1875,28.16
3.7708,-139.9792,28.27
3.7708,-139.7708,28.29
3.7708,-139.5625,28.20
3.7708,-139.3542,28.09
3.7708,-139.1458,28.21
3.7708,-138.9375,28.27
3.7708,-138.7292,28.12
3.7708,-138.5208,28.18
3.7708,-138.3125,28.20
3.7708,-138.1042,28.16
3.7708,-137.8958,28.66
3.7708,-137.6875,28.48
3.7708,-137.4792,28.40
3.7708,-137.2708,28.40
3.7708,-137.0625,28.28
3.7708,-136.8542,28.24
3.7708,-136.6458,28.06
3.7708,-136.4375,28.10
3.7708,-136.2292,28.00
3.7708,-136.0208,27.89
3.7708,-135.8125,28.26
3.7708,-135.6042,28.02
3.7708,-135.3958,27.98
3.7708,-135.1875,28.02
3.7708,-134.9792,27.93
3.7708,-134.7708,27.97
3.7708,-134.5625,27.98
3.7708,-134.3542,27.93
3.7708,-134.1458,28.05
3.7708,-133.9375,28.11
3.7708,-133.7292,28.34
3.7708,-133.5208,28.27
3.7708,-133.3125,28.30
3.7708,-133.1042,28.36
3.7708,-132.8958,28.12
3.7708,-132.6875,28.20
3.7708,-132.4792,28.29
3.7708,-132.2708,28.30
3.7708,-132.0625,28.22
3.7708,-131.8542,28.39
3.7708,-131.6458,28.44
3.7708,-131.4375,28.41
3.7708,-131.2292,28.54
3.7708,-131.0208,28.31
3.7708,-130.8125,28.39
3.7708,-130.6042,28.23
3.7708,-130.3958,28.43
3.7708,-130.1875,28.36
3.7708,-129.9792,28.20
3.7708,-129.7708,28.32
3.7708,-129.5625,28.07
3.7708,-129.3542,27.98
3.7708,-129.1458,28.20
3.7708,-128.9375,28.24
3.7708,-128.7292,28.33
3.7708,-128.5208,28.15
3.7708,-128.3125,28.17
3.7708,-128.1042,28.07
3.7708,-127.8958,28.16
3.7708,-127.6875,28.03
3.7708,-127.4792,28.06
3.7708,-127.2708,28.19
3.7708,-127.0625,28.12
3.7708,-126.8542,28.18
3.7708,-126.6458,27.78
3.7708,-126.4375,28.20
3.7708,-126.2292,28.14
3.7708,-126.0208,28.06
3.7708,-125.8125,28.06
3.7708,-125.6042,28.11
3.7708,-125.3958,28.02
3.7708,-125.1875,28.30
3.7708,-124.9792,27.86
3.7708,-124.7708,27.79
3.7708,-124.5625,27.48
3.7708,-124.3542,27.27
3.7708,-124.1458,27.43
3.7708,-123.9375,27.30
3.7708,-123.7292,27.15
3.7708,-123.5208,27.10
3.7708,-123.3125,27.49
3.7708,-123.1042,27.49
3.7708,-122.8958,27.54
3.7708,-122.6875,27.40
3.7708,-122.4792,27.57
3.7708,-122.2708,27.58
3.7708,-122.0625,27.79
3.7708,-121.8542,27.86
3.7708,-121.6458,27.70
3.7708,-121.4375,27.86
3.7708,-121.2292,27.96
3.7708,-121.0208,27.93
3.7708,-120.8125,28.09
3.7708,-120.6042,27.89
3.7708,-120.3958,27.84
3.7708,-120.1875,27.85
3.5625,-169.9792,28.71
3.5625,-169.7708,28.40
3.5625,-169.5625,28.30
3.5625,-169.3542,28.50
3.5625,-169.1458,28.39
3.5625,-168.9375,28.32
3.5625,-168.7292,28.84
3.5625,-168.5208,28.77
3.5625,-168.3125,28.54
3.5625,-168.1042,28.43
3.5625,-167.8958,28.58
3.5625,-167.6875,28.62
3.5625,-167.4792,28.36
3.5625,-167.2708,28.41
3.5625,-167.0625,28.51
3.5625,-166.8542,28.65
3.5625,-166.6458,28.36
3.5625,-166.4375,28.71
3.5625,-166.2292,28.04
3.5625,-166.0208,28.05
3.5625,-165.8125,27.91
3.5625,-165.6042,27.83
3.5625,-165.3958,28.17
3.5625,-165.1875,28.26
3.5625,-164.9792,28.14
3.5625,-164.7708,28.48
3.5625,-164.5625,28.24
3.5625,-164.3542,28.54
3.5625,-164.1458,28.61
3.5625,-163.9375,28.27
3.5625,-163.7292,28.38
3.5625,-163.5208,28.64
3.5625,-163.3125,28.40
3.5625,-163.1042,28.34
3.5625,-162.8958,28.36
3.5625,-162.6875,28.23
3.5625,-162.4792,27.97
3.5625,-162.2708,28.56
3.5625,-162.0625,28.46
3.5625,-161.8542,28.30
3.5625,-161.6458,28.12
3.5625,-161.4375,28.34
3.5625,-161.2292,28.23
3.5625,-161.0208,28.25
3.5625,-160.8125,28.09
3.5625,-160.6042,28.19
3.5625,-160.3958,28.11
3.5625,-160.1875,28.38
3.5625,-159.9792,28.46
3.5625,-159.7708,28.15
3.5625,-159.5625,28.39
3.5625,-159.3542,28.36
3.5625,-159.1458,28.70
3.5625,-158.9375,28.33
3.5625,-158.7292,28.09
3.5625,-158.5208,27.95
3.5625,-158.3125,28.64
3.5625,-158.1042,28.42
3.5625,-157.8958,28.29
3.5625,-157.6875,27.99
3.5625,-157.4792,28.05
3.5625,-157.2708,27.90
3.5625,-157.0625,27.93
3.5625,-156.8542,28.02
3.5625,-156.6458,28.11
3.5625,-156.4375,28.03
3.5625,-156.2292,28.06
3.5625,-156.0208,27.90
3.5625,-155.8125,28.04
3.5625,-155.6042,28.10
3.5625,-155.3958,28.20
3.5625,-155.1875,28.18
3.5625,-154.9792,28.03
3.5625,-154.7708,28.09
3.5625,-154.5625,28.08
3.5625,-154.3542,28.12
3.5625,-154.1458,28.20
3.5625,-153.9375,28.05
3.5625,-153.7292,28.14
3.5625,-153.5208,28.10
3.5625,-153.3125,28.02
3.5625,-153.1042,28.34
3.5625,-152.8958,28.22
3.5625,-152.6875,28.31
3.5625,-152.4792,28.26
3.5625,-152.2708,28.14
3.5625,-152.0625,27.95
3.5625,-151.8542,28.10
3.5625,-151.6458,27.84
3.5625,-151.4375,27.93
3.5625,-151.2292,28.11
3.5625,-151.0208,28.23
3.5625,-150.8125,28.33
3.5625,-150.6042,28.27
3.5625,-150.3958,28.23
3.5625,-150.1875,28.18
3.5625,-149.9792,28.34
3.5625,-149.7708,28.59
3.5625,-149.5625,28.05
3.5625,-149.3542,28.21
3.5625,-149.1458,28.38
3.5625,-148.9375,28.32
3.5625,-148.7292,28.32
3.5625,-148.5208,28.29
3.5625,-148.3125,28.10
3.5625,-148.1042,28.34
3.5625,-147.8958,27.82
3.5625,-147.6875,28.20
3.5625,-147.4792,28.45
3.5625,-147.2708,28.55
3.5625,-147.0625,28.34
3.5625,-146.8542,28.30
3.5625,-146.6458,28.14
3.5625,-146.4375,28.38
3.5625,-146.2292,28.46
3.5625,-146.0208,28.44
3.5625,-145.8125,28.20
3.5625,-145.6042,28.11
3.5625,-145.3958,28.23
3.5625,-145.1875,28.24
3.5625,-144.9792,27.91
3.5625,-144.7708,28.11
3.5625,-144.5625,28.03
3.5625,-144.3542,28.14
3.5625,-144.1458,28.00
3.5625,-143.9375,28.19
3.5625,-143.7292,28.23
3.5625,-143.5208,28.19
3.5625,-143.3125,28.16
3.5625,-143.1042,28.30
3.5625,-142.8958,28.26
3.5625,-142.6875,28.20
3.5625,-142.4792,28.34
3.5625,-142.2708,28.29
3.5625,-142.0625,27.77
3.5625,-141.8542,28.11
3.5625,-141.6458,28.02
3.5625,-141.4375,28.02
3.5625,-141.2292,27.93
3.5625,-141.0208,28.14
3.5625,-140.8125,28.05
3.5625,-140.6042,28.18
3.5625,-140.3958,28.16
3.5625,-140.1875,28.28
3.5625,-139.9792,28.14
3.5625,-139.7708,28.24
3.5625,-139.5625,28.15
3.5625,-139.3542,28.39
3.5625,-139.1458,28.21
3.5625,-138.9375,28.13
3.5625,-138.7292,28.10
3.5625,-138.5208,28.39
3.5625,-138.3125,28.36
3.5625,-138.1042,28.38
3.5625,-137.8958,28.40
3.5625,-137.6875,28.55
3.5625,-137.4792,28.57
3.5625,-137.2708,27.90
3.5625,-137.0625,28.45
3.5625,-136.8542,28.28
3.5625,-136.6458,28.15
3.5625,-136.4375,28.12
3.5625,-136.2292,27.98
3.5625,-136.0208,27.95
3.5625,-135.8125,27.80
3.5625,-135.6042,28.02
3.5625,-135.3958,27.89
3.5625,-135.1875,27.98
3.5625,-134.9792,27.91
3.5625,-134.7708,28.08
3.5625,-134.5625,27.87
3.5625,-134.3542,28.12
3.5625,-134.1458,28.01
3.5625,-133.9375,28.18
3.5625,-133.7292,28.36
3.5625,-133.5208,28.46
3.5625,-133.3125,28.19
3.5625,-133.1042,28.44
3.5625,-132.8958,28.29
3.5625,-132.6875,28.25
3.5625,-132.4792,28.11
3.5625,-132.2708,28.01
3.5625,-132.0625,28.24
3.5625,-131.8542,28.34
3.5625,-131.6458,28.27
3.5625,-131.4375,28.40
3.5625,-131.2292,28.09
3.5625,-131.0208,28.40
3.5625,-130.8125,28.27
3.5625,-130.6042,28.38
3.5625,-130.3958,28.18
3.5625,-130.1875,28.19
3.5625,-129.9792,28.39
3.5625,-129.7708,28.20
3.5625,-129.5625,28.21
3.5625,-129.3542,28.23
3.5625,-129.1458,28.23
3.5625,-128.9375,28.30
3.5625,-128.7292,28.20
3.5625,-128.5208,28.17
3.5625,-128.3125,28.04
3.5625,-128.1042,28.06
3.5625,-127.8958,27.93
3.5625,-127.6875,28.05
3.5625,-127.4792,27.93
3.5625,-127.2708,27.86
3.5625,-127.0625,27.93
3.5625,-126.8542,28.07
3.5625,-126.6458,28.04
3.5625,-126.4375,28.04
3.5625,-126.2292,28.13
3.5625,-126.0208,28.01
3.5625,-125.8125,28.02
3.5625,-125.6042,28.14
3.5625,-125.3958,28.06
3.5625,-125.1875,28.00
3.5625,-124.9792,27.79
3.5625,-124.7708,27.54
3.5625,-124.5625,27.49
3.5625,-124.3542,27.28
3.5625,-124.1458,27.30
3.5625,-123.9375,27.30
3.5625,-123.7292,26.92
3.5625,-123.5208,27.29
3.5625,-123.3125,26.99
3.5625,-123.1042,27.27
3.5625,-122.8958,27.47
3.5625,-122.6875,27.27
3.5625,-122.4792,27.45
3.5625,-122.2708,27.61
3.5625,-122.0625,27.67
3.5625,-121.8542,27.70
3.5625,-121.6458,27.75
3.5625,-121.4375,27.82
3.5625,-121.2292,27.82
3.5625,-121.0208,28.02
3.5625,-120.8125,27.86
3.5625,-120.6042,27.82
3.5625,-120.3958,27.70
3.5625,-120.1875,27.70
3.3542,-169.9792,28.31
3.3542,-169.7708,28.60
3.3542,-169.5625,28.76
3.3542,-169.3542,28.29
3.3542,-169.1458,27.68
3.3542,-168.9375,28.39
3.3542,-168.7292,28.75
3.3542,-168.5208,28.59
3.3542,-168.3125,28.46
3.3542,-168.1042,28.53
3.3542,-167.8958,28.60
3.3542,-167.6875,28.55
3.3542,-167.4792,28.60
3.3542,-167.2708,27.94
3.3542,-167.0625,28.66
3.3542,-166.8542,28.50
3.3542,-166.6458,28.39
3.3542,-166.4375,28.34
3.3542,-166.2292,28.66
3.3542,-166.0208,27.85
3.3542,-165.8125,28.45
3.3542,-165.6042,28.43
3.3542,-165.3958,28.39
3.3542,-165.1875,28.41
3.3542,-164.9792,28.36
3.3542,-164.7708,28.55
3.3542,-164.5625,28.21
3.3542,-164.3542,28.36
3.3542,-164.1458,28.59
3.3542,-163.9375,28.70
3.3542,-163.7292,28.64
3.3542,-163.5208,28.62
3.3542,-163.3125,28.48
3.3542,-163.1042,28.38
3.3542,-162.8958,28.46
3.3542,-162.6875,28.49
3.3542,-162.4792,27.90
3.3542,-162.2708,28.42
3.3542,-162.0625,27.99
3.3542,-161.8542,28.06
3.3542,-161.6458,28.20
3.3542,-161.4375,28.29
3.3542,-161.2292,28.40
3.3542,-161.0208,28.39
3.3542,-160.8125,28.30
3.3542,-160.6042,28.20
3.3542,-160.3958,28.18
3.3542,-160.1875,28.26
3.3542,-159.9792,28.46
3.3542,-159.7708,28.28
3.3542,-159.5625,28.32
3.3542,-159.3542,28.57
3.3542,-159.1458,28.40
3.3542,-158.9375,27.91
3.3542,-158.7292,28.01
3.3542,-158.5208,28.11
3.3542,-158.3125,28.16
3.3542,-158.1042,28.05
3.3542,-157.8958,27.89
3.3542,-157.6875,27.80
3.3542,-157.4792,27.61
3.3542,-157.2708,27.78
3.3542,-157.0625,28.20
3.3542,-156.8542,28.09
3.3542,-156.6458,28.24
3.3542,-156.4375,28.11
3.3542,-156.2292,28.05
3.3542,-156.0208,28.09
3.3542,-155.8125,28.24
3.3542,-155.6042,28.27
3.3542,-155.3958,28.15
3.3542,-155.1875,28.02
3.3542,-154.9792,28.02
3.3542,-154.7708,28.06
3.3542,-154.5625,28.09
3.3542,-154.3542,27.98
3.3542,-154.1458,28.09
3.3542,-153.9375,28.12
3.3542,-153.7292,28.00
3.3542,-153.5208,28.20
3.3542,-153.3125,28.06
3.3542,-153.1042,28.17
3.3542,-152.8958,28.24
3.3542,-152.6875,28.57
3.3542,-152.4792,28.28
3.3542,-152.2708,28.10
3.3542,-152.0625,28.09
3.3542,-151.8542,27.80
3.3542,-151.6458,27.79
3.3542,-151.4375,28.15
3.3542,-151.2292,28.16
3.3542,-151.0208,28.36
3.3542,-150.8125,28.34
3.3542,-150.6042,28.42
3.3542,-150.3958,28.27
3.3542,-150.1875,28.27
3.3542,-149.9792,28.30
3.3542,-149.7708,28.34
3.3542,-149.5625,28.20
3.3542,-149.3542,28.24
3.3542,-149.1458,28.14
3.3542,-148.9375,28.11
3.3542,-148.7292,28.31
3.3542,-148.5208,28.36
3.3542,-148.3125,28.00
3.3542,-148.1042,28.11
3.3542,-147.8958,27.96
3.3542,-147.6875,28.09
3.3542,-147.4792,28.25
3.3542,-147.2708,28.39
3.3542,-147.0625,28.36
3.3542,-146.8542,28.43
3.3542,-146.6458,28.38
3.3542,-146.4375,28.30
3.3542,-146.2292,28.18
3.3542,-146.0208,28.12
3.3542,-145.8125,28.14
3.3542,-145.6042,28.23
3.3542,-145.3958,28.09
3.3542,-145.1875,28.30
3.3542,-144.9792,28.11
3.3542,-144.7708,28.13
3.3542,-144.5625,28.16
3.3542,-144.3542,28.01
3.3542,-144.1458,28.20
3.3542,-143.9375,28.14
3.3542,-143.7292,28.18
3.3542,-143.5208,28.25
3.3542,-143.3125,28.20
3.3542,-143.1042,28.21
3.3542,-142.8958,28.30
3.3542,-142.6875,28.30
3.3542,-142.4792,28.36
3.3542,-142.2708,28.12
3.3542,-142.0625,28.14
3.3542,-141.8542,28.06
3.3542,-141.6458,27.89
3.3542,-141.4375,27.92
3.3542,-141.2292,27.98
3.3542,-141.0208,28.11
3.3542,-140.8125,28.05
3.3542,-140.6042,28.14
3.3542,-140.3958,28.14
3.3542,-140.1875,28.05
3.3542,-139.9792,28.06
3.3542,-139.7708,27.95
3.3542,-139.5625,28.28
3.3542,-139.3542,28.34
3.3542,-139.1458,28.27
3.3542,-138.9375,28.27
3.3542,-138.7292,28.14
3.3542,-138.5208,28.36
3.3542,-138.3125,28.73
3.3542,-138.1042,28.49
3.3542,-137.8958,28.09
3.3542,-137.6875,28.40
3.3542,-137.4792,28.33
3.3542,-137.2708,28.25
3.3542,-137.0625,28.32
3.3542,-136.8542,28.18
3.3542,-136.6458,28.21
3.3542,-136.4375,28.22
3.3542,-136.2292,28.05
3.3542,-136.0208,27.97
3.3542,-135.8125,28.07
3.3542,-135.6042,27.94
3.3542,-135.3958,27.86
3.3542,-135.1875,27.87
3.3542,-134.9792,27.81
3.3542,-134.7708,27.95
3.3542,-134.5625,27.96
3.3542,-134.3542,27.95
3.3542,-134.1458,28.22
3.3542,-133.9375,28.37
3.3542,-133.7292,28.39
3.3542,-133.5208,28.33
3.3542,-133.3125,28.02
3.3542,-133.1042,28.29
3.3542,-132.8958,28.61
3.3542,-132.6875,28.33
3.3542,-132.4792,28.27
3.3542,-132.2708,28.20
3.3542,-132.0625,28.20
3.3542,-131.8542,28.25
3.3542,-131.6458,28.27
3.3542,-131.4375,28.30
3.3542,-131.2292,28.32
3.3542,-131.0208,28.11
3.3542,-130.8125,28.22
3.3542,-130.6042,28.29
3.3542,-130.3958,28.31
3.3542,-130.1875,28.20
3.3542,-129.9792,28.29
3.3542,-129.7708,28.27
3.3542,-129.5625,28.28
3.3542,-129.3542,28.30
3.3542,-129.1458,28.27
3.3542,-128.9375,28.21
3.3542,-128.7292,28.26
3.3542,-128.5208,28.06
3.3542,-128.3125,27.98
3.3542,-128.1042,27.96
3.3542,-127.8958,27.93
3.3542,-127.6875,27.94
3.3542,-127.4792,28.08
3.3542,-127.2708,28.00
3.3542,-127.0625,27.91
3.3542,-126.8542,28.01
3.3542,-126.6458,28.12
3.3542,-126.4375,28.05
3.3542,-126.2292,28.05
3.3542,-126.0208,28.02
3.3542,-125.8125,27.91
3.3542,-125.6042,27.89
3.3542,-125.3958,27.80
3.3542,-125.1875,27.68
3.3542,-124.9792,27.62
3.3542,-124.7708,27.49
3.3542,-124.5625,27.18
3.3542,-124.3542,27.30
3.3542,-124.1458,27.02
3.3542,-123.9375,27.00
3.3542,-123.7292,27.10
3.3542,-123.5208,27.07
3.3542,-123.3125,26.92
3.3542,-123.1042,27.09
3.3542,-122.8958,27.40
3.3542,-122.6875,27.34
3.3542,-122.4792,27.33
3.3542,-122.2708,27.43
3.3542,-122.0625,27.57
3.3542,-121.8542,27.70
3.3542,-121.6458,27.80
3.3542,-121.4375,27.79
3.3542,-121.2292,27.83
3.3542,-121.0208,27.75
3.3542,-120.8125,27.85
3.3542,-120.6042,27.80
3.3542,-120.3958,27.61
3.3542,-120.1875,27.70
3.1458,-169.9792,28.60
3.1458,-169.7708,28.72
3.1458,-169.5625,28.55
3.1458,-169.3542,28.45
3.1458,-169.1458,28.23
3.1458,-168.9375,28.70
3.1458,-168.7292,28.71
3.1458,-168.5208,28.23
3.1458,-168.3125,28.46
3.1458,-168.1042,28.40
3.1458,-167.8958,28.55
3.1458,-167.6875,28.48
3.1458,-167.4792,28.59
3.1458,-167.2708,28.28
3.1458,-167.0625,28.70
3.1458,-166.8542,28.74
3.1458,-166.6458,28.28
3.1458,-166.4375,28.40
3.1458,-166.2292,28.54
3.1458,-166.0208,27.90
3.1458,-165.8125,28.15
3.1458,-165.6042,28.33
3.1458,-165.3958,28.56
3.1458,-165.1875,28.52
3.1458,-164.9792,28.59
3.1458,-164.7708,28.50
3.1458,-164.5625,28.38
3.1458,-164.3542,28.29
3.1458,-164.1458,28.49
3.1458,-163.9375,28.52
3.1458,-163.7292,28.43
3.1458,-163.5208,28.43
3.1458,-163.3125,28.58
3.1458,-163.1042,28.46
3.1458,-162.8958,28.47
3.1458,-162.6875,28.34
3.1458,-162.4792,27.97
3.1458,-162.2708,28.16
3.1458,-162.0625,28.32
3.1458,-161.8542,27.92
3.1458,-161.6458,28.15
3.1458,-161.4375,28.18
3.1458,-161.2292,27.94
3.1458,-161.0208,28.40
3.1458,-160.8125,28.22
3.1458,-160.6042,28.36
3.1458,-160.3958,28.27
3.1458,-160.1875,28.08
3.1458,-159.9792,28.29
3.1458,-159.7708,28.11
3.1458,-159.5625,28.40
3.1458,-159.3542,28.20
3.1458,-159.1458,28.14
3.1458,-158.9375,27.95
3.1458,-158.7292,28.12
3.1458,-158.5208,28.12
3.1458,-158.3125,28.16
3.1458,-158.1042,28.25
3.1458,-157.8958,28.05
3.1458,-157.6875,27.96
3.1458,-157.4792,27.97
3.1458,-157.2708,27.87
3.1458,-157.0625,28.11
3.1458,-156.8542,28.02
3.1458,-156.6458,28.05
3.1458,-156.4375,27.79
3.1458,-156.2292,27.90
3.1458,-156.0208,27.82
3.1458,-155.8125,28.08
3.1458,-155.6042,28.14
3.1458,-155.3958,28.23
3.1458,-155.1875,28.18
3.1458,-154.9792,28.26
3.1458,-154.7708,28.15
3.1458,-154.5625,28.02
3.1458,-154.3542,28.02
3.1458,-154.1458,28.12
3.1458,-153.9375,28.05
3.1458,-153.7292,28.14
3.1458,-153.5208,28.14
3.1458,-153.3125,28.05
3.1458,-153.1042,28.21
3.1458,-152.8958,28.17
3.1458,-152.6875,28.14
3.1458,-152.4792,27.95
3.1458,-152.2708,28.09
3.1458,-152.0625,28.04
3.1458,-151.8542,27.86
3.1458,-151.6458,27.79
3.1458,-151.4375,27.96
3.1458,-151.2292,28.10
3.1458,-151.0208,28.11
3.1458,-150.8125,28.25
3.1458,-150.6042,28.34
3.1458,-150.3958,28.34
3.1458,-150.1875,28.32
3.1458,-149.9792,28.34
3.1458,-149.7708,28.21
3.1458,-149.5625,28.30
3.1458,-149.3542,28.34
3.1458,-149.1458,28.25
3.1458,-148.9375,28.06
3.1458,-148.7292,28.05
3.1458,-148.5208,27.98
3.1458,-148.3125,28.09
3.1458,-148.1042,27.89
3.1458,-147.8958,27.91
3.1458,-147.6875,28.11
3.1458,-147.4792,28.31
3.1458,-147.2708,28.18
3.1458,-147.0625,28.20
3.1458,-146.8542,28.18
3.1458,-146.6458,28.24
3.1458,-146.4375,28.25
3.1458,-146.2292,27.94
3.1458,-146.0208,28.22
3.1458,-145.8125,28.05
3.1458,-145.6042,28.04
3.1458,-145.3958,28.28
3.1458,-145.1875,28.21
3.1458,-144.9792,28.09
3.1458,-144.7708,28.05
3.1458,-144.5625,28.12
3.1458,-144.3542,28.16
3.1458,-144.1458,28.09
3.1458,-143.9375,28.06
3.1458,-143.7292,28.09
3.1458,-143.5208,28.24
3.1458,-143.3125,28.15
3.1458,-143.1042,28.11
3.1458,-142.8958,28.30
3.1458,-142.6875,28.24
3.1458,-142.4792,28.18
3.1458,-142.2708,27.91
3.1458,-142.0625,27.89
3.1458,-141.8542,27.97
3.1458,-141.6458,27.98
3.1458,-141.4375,28.14
3.1458,-141.2292,28.16
3.1458,-141.0208,28.23
3.1458,-140.8125,28.09
3.1458,-140.6042,28.18
3.1458,-140.3958,28.24
3.1458,-140.1875,28.10
3.1458,-139.9792,28.06
3.1458,-139.7708,28.09
3.1458,-139.5625,28.28
3.1458,-139.3542,28.45
3.1458,-139.1458,28.45
3.1458,-138.9375,28.43
3.1458,-138.7292,28.55
3.1458,-138.5208,28.60
3.1458,-138.3125,28.56
3.1458,-138.1042,28.75
3.1458,-137.8958,28.48
3.1458,-137.6875,28.36
3.1458,-137.4792,28.16
3.1458,-137.2708,28.31
3.1458,-137.0625,28.20
3.1458,-136.8542,28.30
3.1458,-136.6458,28.20
3.1458,-136.4375,28.21
3.1458,-136.2292,28.07
3.1458,-136.0208,28.05
3.1458,-135.8125,27.83
3.1458,-135.6042,27.82
3.1458,-135.3958,27.84
3.1458,-135.1875,27.84
3.1458,-134.9792,27.93
3.1458,-134.7708,27.96
3.1458,-134.5625,27.98
3.1458,-134.3542,27.86
3.1458,-134.1458,28.10
3.1458,-133.9375,28.06
3.1458,-133.7292,28.36
3.1458,-133.5208,28.39
3.1458,-133.3125,28.41
3.1458,-133.1042,28.36
3.1458,-132.8958,28.32
3.1458,-132.6875,28.24
3.1458,-132.4792,28.08
3.1458,-132.2708,28.18
3.1458,-132.0625,28.11
3.1458,-131.8542,28.31
3.1458,-131.6458,28.34
3.1458,-131.4375,28.23
3.1458,-131.2292,28.15
3.1458,-131.0208,28.07
3.1458,-130.8125,27.89
3.1458,-130.6042,28.12
3.1458,-130.3958,28.14
3.1458,-130.1875,28.16
3.1458,-129.9792,28.31
3.1458,-129.7708,28.25
3.1458,-129.5625,28.15
3.1458,-129.3542,28.11
3.1458,-129.1458,28.29
3.1458,-128.9375,28.29
3.1458,-128.7292,28.14
3.1458,-128.5208,28.04
3.1458,-128.3125,27.75
3.1458,-128.1042,27.79
3.1458,-127.8958,27.68
3.1458,-127.6875,27.77
3.1458,-127.4792,27.81
3.1458,-127.2708,27.87
3.1458,-127.0625,28.00
3.1458,-126.8542,27.99
3.1458,-126.6458,28.07
3.1458,-126.4375,28.12
3.1458,-126.2292,27.95
3.1458,-126.0208,27.95
3.1458,-125.8125,27.89
3.1458,-125.6042,27.74
3.1458,-125.3958,27.70
3.1458,-125.1875,27.55
3.1458,-124.9792,27.65
3.1458,-124.7708,27.02
3.1458,-124.5625,27.27
3.1458,-124.3542,26.92
3.1458,-124.1458,26.91
3.1458,-123.9375,26.81
3.1458,-123.7292,27.02
3.1458,-123.5208,27.05
3.1458,-123.3125,27.11
3.1458,-123.1042,27.02
3.1458,-122.8958,27.14
3.1458,-122.6875,26.96
3.1458,-122.4792,27.07
3.1458,-122.2708,27.18
3.1458,-122.0625,27.55
3.1458,-121.8542,27.64
3.1458,-121.6458,27.70
3.1458,-121.4375,27.66
3.1458,-121.2292,27.79
3.1458,-121.0208,27.79
3.1458,-120.8125,27.64
3.1458,-120.6042,27.59
3.1458,-120.3958,27.61
3.1458,-120.1875,27.70
2.9375,-169.9792,28.43
2.9375,-169.7708,28.50
2.9375,-169.5625,28.50
2.9375,-169.3542,28.77
2.9375,-169.1458,28.54
2.9375,-168.9375,28.62
2.9375,-168.7292,28.76
2.9375,-168.5208,28.48
2.9375,-168.3125,28.27
2.9375,-168.1042,28.39
2.9375,-167.8958,28.43
2.9375,-167.6875,28.47
2.9375,-167.4792,28.40
2.9375,-167.2708,28.38
2.9375,-167.0625,28.38
2.9375,-166.8542,28.52
2.9375,-166.6458,28.49
2.9375,-166.4375,28.46
2.9375,-166.2292,28.55
2.9375,-166.0208,28.20
2.9375,-165.8125,28.22
2.9375,-165.6042,28.40
2.9375,-165.3958,28.62
2.9375,-165.1875,28.67
2.9375,-164.9792,28.38
2.9375,-164.7708,28.61
2.9375,-164.5625,28.30
2.9375,-164.3542,28.24
2.9375,-164.1458,28.38
2.9375,-163.9375,28.25
2.9375,-163.7292,28.47
2.9375,-163.5208,28.18
2.9375,-163.3125,28.36
2.9375,-163.1042,28.37
2.9375,-162.8958,28.35
2.9375,-162.6875,28.42
2.9375,-162.4792,28.33
2.9375,-162.2708,28.20
2.9375,-162.0625,28.31
2.9375,-161.8542,28.08
2.9375,-161.6458,28.04
2.9375,-161.4375,27.96
2.9375,-161.2292,28.11
2.9375,-161.0208,28.11
2.9375,-160.8125,28.18
2.9375,-160.6042,28.21
2.9375,-160.3958,28.12
2.9375,-160.1875,28.16
2.9375,-159.9792,28.18
2.9375,-159.7708,28.28
2.9375,-159.5625,28.27
2.9375,-159.3542,28.23
2.9375,-159.1458,28.22
2.9375,-158.9375,27.99
2.9375,-158.7292,28.12
2.9375,-158.5208,28.20
2.9375,-158.3125,28.20
2.9375,-158.1042,28.05
2.9375,-157.8958,28.09
2.9375,-157.6875,28.11
2.9375,-157.4792,28.00
2.9375,-157.2708,27.93
2.9375,-157.0625,28.00
2.9375,-156.8542,28.14
2.9375,-156.6458,27.86
2.9375,-156.4375,28.16
2.9375,-156.2292,27.91
2.9375,-156.0208,27.95
2.9375,-155.8125,28.05
2.9375,-155.6042,28.11
2.9375,-155.3958,28.09
2.9375,-155.1875,28.12
2.9375,-154.9792,28.09
2.9375,-154.7708,28.24
2.9375,-154.5625,28.15
2.9375,-154.3542,28.20
2.9375,-154.1458,27.99
2.9375,-153.9375,28.00
2.9375,-153.7292,28.22
2.9375,-153.5208,28.31
2.9375,-153.3125,28.05
2.9375,-153.1042,27.93
2.9375,-152.8958,27.92
2.9375,-152.6875,27.80
2.9375,-152.4792,27.98
2.9375,-152.2708,28.08
2.9375,-152.0625,27.91
2.9375,-151.8542,27.74
2.9375,-151.6458,27.77
2.9375,-151.4375,27.96
2.9375,-151.2292,28.04
2.9375,-151.0208,28.12
2.9375,-150.8125,28.00
2.9375,-150.6042,28.09
2.9375,-150.3958,28.30
2.9375,-150.1875,28.32
2.9375,-149.9792,28.07
2.9375,-149.7708,28.22
2.9375,-149.5625,28.33
2.9375,-149.3542,28.38
2.9375,-149.1458,28.28
2.9375,-148.9375,28.20
2.9375,-148.7292,27.97
2.9375,-148.5208,27.97
2.9375,-148.3125,28.05
2.9375,-148.1042,28.18
2.9375,-147.8958,28.11
2.9375,-147.6875,28.11
2.9375,-147.4792,28.15
2.9375,-147.2708,28.32
2.9375,-147.0625,28.24
2.9375,-146.8542,28.13
2.9375,-146.6458,28.18
2.9375,-146.4375,28.09
2.9375,-146.2292,28.06
2.9375,-146.0208,28.23
2.9375,-145.8125,28.05
2.9375,-145.6042,28.20
2.9375,-145.3958,28.34
2.9375,-145.1875,28.25
2.9375,-144.9792,28.26
2.9375,-144.7708,28.02
2.9375,-144.5625,28.07
2.9375,-144.3542,28.05
2.9375,-144.1458,28.31
2.9375,-143.9375,28.09
2.9375,-143.7292,28.11
2.9375,-143.5208,28.10
2.9375,-143.3125,28.11
2.9375,-143.1042,28.13
2.9375,-142.8958,28.20
2.9375,-142.6875,28.22
2.9375,-142.4792,28.09
2.9375,-142.2708,27.89
2.9375,-142.0625,28.01
2.9375,-141.8542,27.97
2.9375,-141.6458,28.05
2.9375,-141.4375,28.13
2.9375,-141.2292,28.13
2.9375,-141.0208,28.09
2.9375,-140.8125,28.12
2.9375,-140.6042,28.10
2.9375,-140.3958,28.09
2.9375,-140.1875,28.09
2.9375,-139.9792,28.00
2.9375,-139.7708,28.02
2.9375,-139.5625,28.15
2.9375,-139.3542,28.28
2.9375,-139.1458,28.47
2.9375,-138.9375,28.18
2.9375,-138.7292,28.45
2.9375,-138.5208,28.52
2.9375,-138.3125,28.36
2.9375,-138.1042,28.24
2.9375,-137.8958,28.32
2.9375,-137.6875,28.43
2.9375,-137.4792,28.28
2.9375,-137.2708,28.14
2.9375,-137.0625,28.10
2.9375,-136.8542,28.14
2.9375,-136.6458,28.10
2.9375,-136.4375,27.95
2.9375,-136.2292,28.05
2.9375,-136.0208,27.89
2.9375,-135.8125,27.83
2.9375,-135.6042,27.81
2.9375,-135.3958,27.69
2.9375,-135.1875,27.78
2.9375,-134.9792,27.95
2.9375,-134.7708,27.92
2.9375,-134.5625,27.89
2.9375,-134.3542,27.88
2.9375,-134.1458,27.86
2.9375,-133.9375,28.08
2.9375,-133.7292,28.19
2.9375,-133.5208,28.26
2.9375,-133.3125,28.32
2.9375,-133.1042,28.22
2.9375,-132.8958,28.25
2.9375,-132.6875,28.25
2.9375,-132.4792,28.00
2.9375,-132.2708,28.02
2.9375,-132.0625,28.18
2.9375,-131.8542,28.11
2.9375,-131.6458,28.08
2.9375,-131.4375,27.98
2.9375,-131.2292,27.89
2.9375,-131.0208,27.98
2.9375,-130.8125,28.03
2.9375,-130.6042,27.99
2.9375,-130.3958,28.12
2.9375,-130.1875,28.10
2.9375,-129.9792,28.18
2.9375,-129.7708,28.23
2.9375,-129.5625,28.24
2.9375,-129.3542,28.09
2.9375,-129.1458,28.25
2.9375,-128.9375,28.07
2.9375,-128.7292,28.00
2.9375,-128.5208,27.90
2.9375,-128.3125,27.80
2.9375,-128.1042,27.74
2.9375,-127.8958,27.70
2.9375,-127.6875,27.63
2.9375,-127.4792,27.77
2.9375,-127.2708,27.84
2.9375,-127.0625,27.81
2.9375,-126.8542,27.89
2.9375,-126.6458,27.93
2.9375,-126.4375,28.09
2.9375,-126.2292,27.91
2.9375,-126.0208,27.77
2.9375,-125.8125,27.72
2.9375,-125.6042,27.68
2.9375,-125.3958,27.49
2.9375,-125.1875,27.41
2.9375,-124.9792,27.18
2.9375,-124.7708,26.98
2.9375,-124.5625,26.80
2.9375,-124.3542,26.80
2.9375,-124.1458,26.93
2.9375,-123.9375,26.86
2.9375,-123.7292,26.70
2.9375,-123.5208,26.88
2.9375,-123.3125,26.93
2.9375,-123.1042,26.85
2.9375,-122.8958,26.80
2.9375,-122.6875,26.84
2.9375,-122.4792,27.14
2.9375,-122.2708,27.24
2.9375,-122.0625,27.46
2.9375,-121.8542,27.57
2.9375,-121.6458,27.53
2.9375,-121.4375,27.59
2.9375,-121.2292,27.70
2.9375,-121.0208,27.75
2.9375,-120.8125,27.54
2.9375,-120.6042,27.55
2.9375,-120.3958,27.66
2.9375,-120.1875,27.77
2.7292,-169.9792,28.48
2.7292,-169.7708,28.70
2.7292,-169.5625,28.84
2.7292,-169.3542,28.77
2.7292,-169.1458,28.53
2.7292,-168.9375,28.30
2.7292,-168.7292,28.46
2.7292,-168.5208,28.29
2.7292,-168.3125,28.27
2.7292,-168.1042,28.46
2.7292,-167.8958,28.55
2.7292,-167.6875,28.46
2.7292,-167.4792,28.55
2.7292,-167.2708,28.61
2.7292,-167.0625,28.52
2.7292,-166.8542,28.45
2.7292,-166.6458,28.64
2.7292,-166.4375,28.41
2.7292,-166.2292,28.39
2.7292,-166.0208,28.27
2.7292,-165.8125,28.21
2.7292,-165.6042,28.15
2.7292,-165.3958,28.39
2.7292,-165.1875,27.97
2.7292,-164.9792,28.39
2.7292,-164.7708,28.35
2.7292,-164.5625,28.34
2.7292,-164.3542,28.18
2.7292,-164.1458,28.37
2.7292,-163.9375,28.39
2.7292,-163.7292,28.45
2.7292,-163.5208,28.12
2.7292,-163.3125,28.37
2.7292,-163.1042,28.32
2.7292,-162.8958,28.39
2.7292,-162.6875,28.38
2.7292,-162.4792,28.33
2.7292,-162.2708,28.21
2.7292,-162.0625,28.16
2.7292,-161.8542,28.18
2.7292,-161.6458,28.23
2.7292,-161.4375,28.01
2.7292,-161.2292,28.20
2.7292,-161.0208,28.02
2.7292,-160.8125,28.06
2.7292,-160.6042,28.16
2.7292,-160.3958,28.11
2.7292,-160.1875,28.11
2.7292,-159.9792,28.14
2.7292,-159.7708,28.21
2.7292,-159.5625,28.34
2.7292,-159.3542,27.96
2.7292,-159.1458,28.05
2.7292,-158.9375,28.15
2.7292,-158.7292,28.26
2.7292,-158.5208,28.10
2.7292,-158.3125,28.18
2.7292,-158.1042,28.05
2.7292,-157.8958,28.05
2.7292,-157.6875,28.12
2.7292,-157.4792,28.03
2.7292,-157.2708,28.16
2.7292,-157.0625,28.10
2.7292,-156.8542,27.88
2.7292,-156.6458,27.91
2.7292,-156.4375,28.08
2.7292,-156.2292,28.13
2.7292,-156.0208,28.05
2.7292,-155.8125,27.98
2.7292,-155.6042,27.91
2.7292,-155.3958,27.96
2.7292,-155.1875,28.10
2.7292,-154.9792,28.16
2.7292,-154.7708,28.16
2.7292,-154.5625,28.09
2.7292,-154.3542,27.93
2.7292,-154.1458,28.07
2.7292,-153.9375,28.06
2.7292,-153.7292,28.16
2.7292,-153.5208,28.11
2.7292,-153.3125,28.14
2.7292,-153.1042,27.96
2.7292,-152.8958,27.94
2.7292,-152.6875,27.94
2.7292,-152.4792,27.82
2.7292,-152.2708,27.87
2.7292,-152.0625,27.90
2.7292,-151.8542,27.79
2.7292,-151.6458,27.86
2.7292,-151.4375,27.90
2.7292,-151.2292,27.84
2.7292,-151.0208,28.04
2.7292,-150.8125,28.10
2.7292,-150.6042,28.02
2.7292,-150.3958,28.04
2.7292,-150.1875,28.12
2.7292,-149.9792,28.12
2.7292,-149.7708,28.11
2.7292,-149.5625,28.09
2.7292,-149.3542,28.30
2.7292,-149.1458,28.29
2.7292,-148.9375,28.18
2.7292,-148.7292,28.04
2.7292,-148.5208,27.97
2.7292,-148.3125,28.07
2.7292,-148.1042,28.14
2.7292,-147.8958,28.00
2.7292,-147.6875,28.05
2.7292,-147.4792,28.12
2.7292,-147.2708,28.26
2.7292,-147.0625,28.17
2.7292,-146.8542,28.16
2.7292,-146.6458,28.20
2.7292,-146.4375,28.07
2.7292,-146.2292,28.15
2.7292,-146.0208,28.20
2.7292,-145.8125,28.11
2.7292,-145.6042,28.24
2.7292,-145.3958,28.12
2.7292,-145.1875,28.15
2.7292,-144.9792,28.10
2.7292,-144.7708,28.09
2.7292,-144.5625,28.06
2.7292,-144.3542,28.05
2.7292,-144.1458,27.99
2.7292,-143.9375,28.03
2.7292,-143.7292,27.98
2.7292,-143.5208,27.99
2.7292,-143.3125,27.98
2.7292,-143.1042,28.07
2.7292,-142.8958,27.97
2.7292,-142.6875,28.10
2.7292,-142.4792,28.03
2.7292,-142.2708,27.96
2.7292,-142.0625,27.95
2.7292,-141.8542,27.97
2.7292,-141.6458,28.04
2.7292,-141.4375,28.07
2.7292,-141.2292,28.05
2.7292,-141.0208,28.05
2.7292,-140.8125,28.07
2.7292,-140.6042,27.95
2.7292,-140.3958,27.86
2.7292,-140.1875,27.97
2.7292,-139.9792,27.90
2.7292,-139.7708,27.90
2.7292,-139.5625,28.06
2.7292,-139.3542,28.09
2.7292,-139.1458,28.07
2.7292,-138.9375,27.98
2.7292,-138.7292,28.32
2.7292,-138.5208,28.23
2.7292,-138.3125,28.23
2.7292,-138.1042,28.24
2.7292,-137.8958,28.25
2.7292,-137.6875,28.31
2.7292,-137.4792,28.40
2.7292,-137.2708,28.05
2.7292,-137.0625,28.10
2.7292,-136.8542,28.11
2.7292,-136.6458,28.17
2.7292,-136.4375,27.98
2.7292,-136.2292,28.07
2.7292,-136.0208,28.04
2.7292,-135.8125,27.92
2.7292,-135.6042,27.83
2.7292,-135.3958,27.66
2.7292,-135.1875,27.72
2.7292,-134.9792,27.68
2.7292,-134.7708,27.77
2.7292,-134.5625,27.66
2.7292,-134.3542,27.68
2.7292,-134.1458,27.53
2.7292,-133.9375,27.69
2.7292,-133.7292,27.93
2.7292,-133.5208,28.22
2.7292,-133.3125,28.20
2.7292,-133.1042,28.15
2.7292,-132.8958,28.19
2.7292,-132.6875,28.25
2.7292,-132.4792,27.78
2.7292,-132.2708,27.88
2.7292,-132.0625,28.18
2.7292,-131.8542,28.02
2.7292,-131.6458,27.97
2.7292,-131.4375,27.84
2.7292,-131.2292,27.95
2.7292,-131.0208,27.98
2.7292,-130.8125,28.01
2.7292,-130.6042,28.19
2.7292,-130.3958,28.11
2.7292,-130.1875,27.89
2.7292,-129.9792,28.19
2.7292,-129.7708,27.98
2.7292,-129.5625,28.25
2.7292,-129.3542,28.22
2.7292,-129.1458,28.00
2.7292,-128.9375,28.06
2.7292,-128.7292,28.02
2.7292,-128.5208,27.84
2.7292,-128.3125,27.68
2.7292,-128.1042,27.70
2.7292,-127.8958,27.68
2.7292,-127.6875,27.70
2.7292,-127.4792,27.75
2.7292,-127.2708,27.71
2.7292,-127.0625,27.71
2.7292,-126.8542,27.79
2.7292,-126.6458,27.79
2.7292,-126.4375,27.75
2.7292,-126.2292,27.79
2.7292,-126.0208,27.64
2.7292,-125.8125,27.64
2.7292,-125.6042,27.51
2.7292,-125.3958,27.43
2.7292,-125.1875,27.18
2.7292,-124.9792,27.06
2.7292,-124.7708,26.90
2.7292,-124.5625,26.65
2.7292,-124.3542,26.62
2.7292,-124.1458,26.72
2.7292,-123.9375,26.80
2.7292,-123.7292,26.73
2.7292,-123.5208,26.80
2.7292,-123.3125,26.78
2.7292,-123.1042,26.82
2.7292,-122.8958,26.73
2.7292,-122.6875,26.72
2.7292,-122.4792,26.82
2.7292,-122.2708,26.88
2.7292,-122.0625,27.23
2.7292,-121.8542,27.29
2.7292,-121.6458,27.51
2.7292,-121.4375,27.49
2.7292,-121.2292,27.59
2.7292,-121.0208,27.59
2.7292,-120.8125,27.64
2.7292,-120.6042,27.62
2.7292,-120.3958,27.68
2.7292,-120.1875,27.64
2.5208,-169.9792,28.26
2.5208,-169.7708,28.64
2.5208,-169.5625,28.34
2.5208,-169.3542,28.73
2.5208,-169.1458,28.32
2.5208,-168.9375,28.25
2.5208,-168.7292,28.45
2.5208,-168.5208,28.37
2.5208,-168.3125,28.38
2.5208,-168.1042,28.48
2.5208,-167.8958,28.62
2.5208,-167.6875,28.67
2.5208,-167.4792,28.53
2.5208,-167.2708,28.58
2.5208,-167.0625,28.48
2.5208,-166.8542,28.34
2.5208,-166.6458,28.29
2.5208,-166.4375,28.52
2.5208,-166.2292,28.30
2.5208,-166.0208,28.14
2.5208,-165.8125,28.14
2.5208,-165.6042,28.41
2.5208,-165.3958,28.32
2.5208,-165.1875,28.32
2.5208,-164.9792,28.13
2.5208,-164.7708,28.27
2.5208,-164.5625,28.14
2.5208,-164.3542,28.05
2.5208,-164.1458,28.17
2.5208,-163.9375,28.36
2.5208,-163.7292,28.31
2.5208,-163.5208,28.20
2.5208,-163.3125,28.73
2.5208,-163.1042,28.50
2.5208,-162.8958,28.51
2.5208,-162.6875,28.32
2.5208,-162.4792,28.30
2.5208,-162.2708,28.47
2.5208,-162.0625,28.41
2.5208,-161.8542,28.29
2.5208,-161.6458,28.18
2.5208,-161.4375,28.18
2.5208,-161.2292,28.14
2.5208,-161.0208,28.02
2.5208,-160.8125,28.20
2.5208,-160.6042,28.18
2.5208,-160.3958,28.18
2.5208,-160.1875,28.15
2.5208,-159.9792,28.19
2.5208,-159.7708,28.20
2.5208,-159.5625,28.23
2.5208,-159.3542,28.15
2.5208,-159.1458,28.08
2.5208,-158.9375,28.33
2.5208,-158.7292,28.07
2.5208,-158.5208,28.11
2.5208,-158.3125,28.12
2.5208,-158.1042,28.09
2.5208,-157.8958,28.00
2.5208,-157.6875,28.06
2.5208,-157.4792,28.00
2.5208,-157.2708,27.90
2.5208,-157.0625,28.00
2.5208,-156.8542,27.98
2.5208,-156.6458,27.88
2.5208,-156.4375,28.00
2.5208,-156.2292,27.95
2.5208,-156.0208,27.86
2.5208,-155.8125,28.04
2.5208,-155.6042,28.11
2.5208,-155.3958,28.03
2.5208,-155.1875,27.95
2.5208,-154.9792,28.18
2.5208,-154.7708,27.93
2.5208,-154.5625,28.25
2.5208,-154.3542,28.10
2.5208,-154.1458,28.22
2.5208,-153.9375,27.94
2.5208,-153.7292,28.00
2.5208,-153.5208,28.07
2.5208,-153.3125,28.05
2.5208,-153.1042,28.00
2.5208,-152.8958,27.83
2.5208,-152.6875,27.84
2.5208,-152.4792,27.97
2.5208,-152.2708,28.05
2.5208,-152.0625,27.96
2.5208,-151.8542,27.73
2.5208,-151.6458,27.92
2.5208,-151.4375,27.79
2.5208,-151.2292,27.99
2.5208,-151.0208,27.98
2.5208,-150.8125,28.00
2.5208,-150.6042,28.06
2.5208,-150.3958,27.96
2.5208,-150.1875,28.06
2.5208,-149.9792,28.02
2.5208,-149.7708,28.07
2.5208,-149.5625,27.93
2.5208,-149.3542,28.00
2.5208,-149.1458,27.99
2.5208,-148.9375,28.11
2.5208,-148.7292,27.93
2.5208,-148.5208,27.98
2.5208,-148.3125,27.93
2.5208,-148.1042,28.11
2.5208,-147.8958,28.05
2.5208,-147.6875,28.02
2.5208,-147.4792,28.15
2.5208,-147.2708,28.09
2.5208,-147.0625,28.09
2.5208,-146.8542,28.06
2.5208,-146.6458,28.09
2.5208,-146.4375,28.14
2.5208,-146.2292,28.06
2.5208,-146.0208,28.04
2.5208,-145.8125,28.11
2.5208,-145.6042,27.91
2.5208,-145.3958,28.02
2.5208,-145.1875,28.21
2.5208,-144.9792,28.04
2.5208,-144.7708,27.91
2.5208,-144.5625,28.04
2.5208,-144.3542,28.05
2.5208,-144.1458,28.08
2.5208,-143.9375,27.95
2.5208,-143.7292,27.86
2.5208,-143.5208,28.02
2.5208,-143.3125,28.02
2.5208,-143.1042,27.81
2.5208,-142.8958,27.98
2.5208,-142.6875,28.09
2.5208,-142.4792,28.02
2.5208,-142.2708,27.98
2.5208,-142.0625,27.90
2.5208,-141.8542,27.96
2.5208,-141.6458,27.87
2.5208,-141.4375,27.95
2.5208,-141.2292,28.05
2.5208,-141.0208,28.05
2.5208,-140.8125,27.95
2.5208,-140.6042,27.79
2.5208,-140.3958,27.79
2.5208,-140.1875,27.70
2.5208,-139.9792,27.75
2.5208,-139.7708,27.70
2.5208,-139.5625,27.92
2.5208,-139.3542,28.03
2.5208,-139.1458,28.04
2.5208,-138.9375,28.18
2.5208,-138.7292,28.23
2.5208,-138.5208,28.18
2.5208,-138.3125,28.27
2.5208,-138.1042,28.13
2.5208,-137.8958,28.27
2.5208,-137.6875,28.21
2.5208,-137.4792,28.11
2.5208,-137.2708,28.06
2.5208,-137.0625,27.93
2.5208,-136.8542,28.12
2.5208,-136.6458,28.04
2.5208,-136.4375,27.93
2.5208,-136.2292,27.81
2.5208,-136.0208,27.77
2.5208,-135.8125,27.83
2.5208,-135.6042,27.75
2.5208,-135.3958,27.80
2.5208,-135.1875,27.70
2.5208,-134.9792,27.73
2.5208,-134.7708,27.72
2.5208,-134.5625,27.75
2.5208,-134.3542,27.72
2.5208,-134.1458,27.57
2.5208,-133.9375,27.80
2.5208,-133.7292,27.66
2.5208,-133.5208,28.11
2.5208,-133.3125,27.92
2.5208,-133.1042,28.19
2.5208,-132.8958,28.09
2.5208,-132.6875,28.07
2.5208,-132.4792,27.68
2.5208,-132.2708,27.80
2.5208,-132.0625,27.92
2.5208,-131.8542,27.71
2.5208,-131.6458,27.86
2.5208,-131.4375,27.74
2.5208,-131.2292,27.86
2.5208,-131.0208,27.71
2.5208,-130.8125,27.82
2.5208,-130.6042,27.84
2.5208,-130.3958,27.82
2.5208,-130.1875,27.95
2.5208,-129.9792,27.95
2.5208,-129.7708,27.95
2.5208,-129.5625,28.05
2.5208,-129.3542,27.98
2.5208,-129.1458,27.95
2.5208,-128.9375,27.97
2.5208,-128.7292,27.86
2.5208,-128.5208,27.71
2.5208,-128.3125,27.64
2.5208,-128.1042,27.51
2.5208,-127.8958,27.64
2.5208,-127.6875,27.66
2.5208,-127.4792,27.71
2.5208,-127.2708,27.81
2.5208,-127.0625,27.75
2.5208,-126.8542,27.68
2.5208,-126.6458,27.63
2.5208,-126.4375,27.68
2.5208,-126.2292,27.70
2.5208,-126.0208,27.56
2.5208,-125.8125,27.46
2.5208,-125.6042,27.45
2.5208,-125.3958,27.21
2.5208,-125.1875,27.27
2.5208,-124.9792,27.02
2.5208,-124.7708,26.93
2.5208,-124.5625,26.73
2.5208,-124.3542,26.64
2.5208,-124.1458,26.70
2.5208,-123.9375,26.67
2.5208,-123.7292,26.73
2.5208,-123.5208,26.68
2.5208,-123.3125,26.64
2.5208,-123.1042,26.52
2.5208,-122.8958,26.64
2.5208,-122.6875,26.77
2.5208,-122.4792,26.81
2.5208,-122.2708,26.77
2.5208,-122.0625,26.93
2.5208,-121.8542,27.05
2.5208,-121.6458,27.18
2.5208,-121.4375,27.48
2.5208,-121.2292,27.47
2.5208,-121.0208,27.41
2.5208,-120.8125,27.59
2.5208,-120.6042,27.52
2.5208,-120.3958,27.61
2.5208,-120.1875,27.52
2.3125,-169.9792,28.25
2.3125,-169.7708,28.33
2.3125,-169.5625,28.38
2.3125,-169.3542,28.33
2.3125,-169.1458,28.37
2.3125,-168.9375,28.21
2.3125,-168.7292,28.48
2.3125,-168.5208,28.43
2.3125,-168.3125,28.39
2.3125,-168.1042,28.62
2.3125,-167.8958,28.62
2.3125,-167.6875,28.72
2.3125,-167.4792,28.64
2.3125,-167.2708,28.45
2.3125,-167.0625,28.47
2.3125,-166.8542,28.34
2.3125,-166.6458,28.30
2.3125,-166.4375,28.38
2.3125,-166.2292,28.25
2.3125,-166.0208,28.17
2.3125,-165.8125,28.43
2.3125,-165.6042,28.43
2.3125,-165.3958,28.45
2.3125,-165.1875,28.41
2.3125,-164.9792,28.41
2.3125,-164.7708,28.26
2.3125,-164.5625,28.21
2.3125,-164.3542,28.18
2.3125,-164.1458,28.24
2.3125,-163.9375,28.14
2.3125,-163.7292,28.32
2.3125,-163.5208,28.36
2.3125,-163.3125,28.30
2.3125,-163.1042,28.41
2.3125,-162.8958,28.23
2.3125,-162.6875,28.34
2.3125,-162.4792,28.43
2.3125,-162.2708,28.39
2.3125,-162.0625,28.27
2.3125,-161.8542,28.05
2.3125,-161.6458,27.97
2.3125,-161.4375,28.14
2.3125,-161.2292,28.06
2.3125,-161.0208,28.18
2.3125,-160.8125,28.09
2.3125,-160.6042,28.14
2.3125,-160.3958,28.21
2.3125,-160.1875,28.11
2.3125,-159.9792,28.15
2.3125,-159.7708,28.06
2.3125,-159.5625,28.27
2.3125,-159.3542,28.11
2.3125,-159.1458,28.08
2.3125,-158.9375,28.10
2.3125,-158.7292,28.07
2.3125,-158.5208,28.11
2.3125,-158.3125,28.13
2.3125,-158.1042,27.95
2.3125,-157.8958,27.90
2.3125,-157.6875,28.02
2.3125,-157.4792,27.89
2.3125,-157.2708,27.81
2.3125,-157.0625,27.90
2.3125,-156.8542,27.89
2.3125,-156.6458,28.12
2.3125,-156.4375,27.95
2.3125,-156.2292,27.94
2.3125,-156.0208,28.00
2.3125,-155.8125,27.98
2.3125,-155.6042,27.96
2.3125,-155.3958,27.97
2.3125,-155.1875,28.01
2.3125,-154.9792,28.16
2.3125,-154.7708,28.11
2.3125,-154.5625,28.33
2.3125,-154.3542,28.34
2.3125,-154.1458,28.07
2.3125,-153.9375,28.05
2.3125,-153.7292,27.93
2.3125,-153.5208,27.99
2.3125,-153.3125,27.88
2.3125,-153.1042,27.93
2.3125,-152.8958,27.80
2.3125,-152.6875,27.81
2.3125,-152.4792,27.83
2.3125,-152.2708,28.11
2.3125,-152.0625,27.73
2.3125,-151.8542,27.81
2.3125,-151.6458,27.99
2.3125,-151.4375,27.93
2.3125,-151.2292,27.84
2.3125,-151.0208,27.91
2.3125,-150.8125,27.96
2.3125,-150.6042,27.99
2.3125,-150.3958,28.04
2.3125,-150.1875,28.06
2.3125,-149.9792,27.95
2.3125,-149.7708,27.90
2.3125,-149.5625,27.96
2.3125,-149.3542,27.91
2.3125,-149.1458,27.89
2.3125,-148.9375,27.94
2.3125,-148.7292,28.02
2.3125,-148.5208,27.90
2.3125,-148.3125,27.93
2.3125,-148.1042,28.02
2.3125,-147.8958,27.90
2.3125,-147.6875,27.91
2.3125,-147.4792,28.04
2.3125,-147.2708,28.04
2.3125,-147.0625,28.07
2.3125,-146.8542,28.02
2.3125,-146.6458,28.00
2.3125,-146.4375,28.05
2.3125,-146.2292,28.00
2.3125,-146.0208,27.99
2.3125,-145.8125,27.98
2.3125,-145.6042,27.95
2.3125,-145.3958,28.02
2.3125,-145.1875,27.95
2.3125,-144.9792,28.08
2.3125,-144.7708,28.08
2.3125,-144.5625,27.95
2.3125,-144.3542,27.98
2.3125,-144.1458,27.84
2.3125,-143.9375,27.92
2.3125,-143.7292,27.97
2.3125,-143.5208,27.95
2.3125,-143.3125,27.93
2.3125,-143.1042,27.93
2.3125,-142.8958,27.91
2.3125,-142.6875,27.79
2.3125,-142.4792,27.90
2.3125,-142.2708,27.84
2.3125,-142.0625,27.80
2.3125,-141.8542,27.82
2.3125,-141.6458,27.79
2.3125,-141.4375,27.84
2.3125,-141.2292,27.81
2.3125,-141.0208,27.85
2.3125,-140.8125,28.01
2.3125,-140.6042,27.68
2.3125,-140.3958,27.51
2.3125,-140.1875,27.72
2.3125,-139.9792,27.59
2.3125,-139.7708,27.72
2.3125,-139.5625,27.86
2.3125,-139.3542,28.00
2.3125,-139.1458,28.04
2.3125,-138.9375,28.05
2.3125,-138.7292,28.08
2.3125,-138.5208,28.20
2.3125,-138.3125,27.97
2.3125,-138.1042,27.99
2.3125,-137.8958,28.00
2.3125,-137.6875,27.99
2.3125,-137.4792,27.98
2.3125,-137.2708,27.91
2.3125,-137.0625,27.94
2.3125,-136.8542,27.94
2.3125,-136.6458,27.88
2.3125,-136.4375,27.94
2.3125,-136.2292,27.88
2.3125,-136.0208,27.95
2.3125,-135.8125,27.74
2.3125,-135.6042,27.82
2.3125,-135.3958,27.68
2.3125,-135.1875,27.70
2.3125,-134.9792,27.62
2.3125,-134.7708,27.59
2.3125,-134.5625,27.61
2.3125,-134.3542,27.56
2.3125,-134.1458,27.75
2.3125,-133.9375,27.47
2.3125,-133.7292,27.57
2.3125,-133.5208,27.72
2.3125,-133.3125,27.81
2.3125,-133.1042,27.91
2.3125,-132.8958,27.79
2.3125,-132.6875,27.85
2.3125,-132.4792,27.67
2.3125,-132.2708,27.47
2.3125,-132.0625,27.78
2.3125,-131.8542,27.59
2.3125,-131.6458,27.62
2.3125,-131.4375,27.64
2.3125,-131.2292,27.55
2.3125,-131.0208,27.58
2.3125,-130.8125,27.57
2.3125,-130.6042,27.70
2.3125,-130.3958,27.88
2.3125,-130.1875,27.64
2.3125,-129.9792,27.76
2.3125,-129.7708,27.68
2.3125,-129.5625,27.80
2.3125,-129.3542,27.83
2.3125,-129.1458,27.98
2.3125,-128.9375,27.80
2.3125,-128.7292,27.56
2.3125,-128.5208,27.70
2.3125,-128.3125,27.59
2.3125,-128.1042,27.60
2.3125,-127.8958,27.53
2.3125,-127.6875,27.67
2.3125,-127.4792,27.54
2.3125,-127.2708,27.64
2.3125,-127.0625,27.62
2.3125,-126.8542,27.61
2.3125,-126.6458,27.49
2.3125,-126.4375,27.36
2.3125,-126.2292,27.46
2.3125,-126.0208,27.34
2.3125,-125.8125,27.27
2.3125,-125.6042,27.25
2.3125,-125.3958,27.22
2.3125,-125.1875,27.14
2.3125,-124.9792,27.01
2.3125,-124.7708,26.81
2.3125,-124.5625,26.81
2.3125,-124.3542,26.64
2.3125,-124.1458,26.57
2.3125,-123.9375,26.65
2.3125,-123.7292,26.67
2.3125,-123.5208,26.54
2.3125,-123.3125,26.60
2.3125,-123.1042,26.46
2.3125,-122.8958,26.62
2.3125,-122.6875,26.69
2.3125,-122.4792,26.79
2.3125,-122.2708,26.80
2.3125,-122.0625,26.85
2.3125,-121.8542,26.98
2.3125,-121.6458,27.01
2.3125,-121.4375,27.20
2.3125,-121.2292,27.39
2.3125,-121.0208,27.34
2.3125,-120.8125,27.48
2.3125,-120.6042,27.55
2.3125,-120.3958,27.50
2.3125,-120.1875,27.47
2.1042,-169.9792,28.34
2.1042,-169.7708,28.34
2.1042,-169.5625,28.45
2.1042,-169.3542,28.47
2.1042,-169.1458,28.47
2.1042,-168.9375,28.51
2.1042,-168.7292,28.43
2.1042,-168.5208,28.64
2.1042,-168.3125,28.58
2.1042,-168.1042,28.58
2.1042,-167.8958,28.62
2.1042,-167.6875,28.55
2.1042,-167.4792,28.54
2.1042,-167.2708,28.46
2.1042,-167.0625,28.52
2.1042,-166.8542,28.43
2.1042,-166.6458,28.49
2.1042,-166.4375,28.45
2.1042,-166.2292,28.29
2.1042,-166.0208,28.52
2.1042,-165.8125,28.47
2.1042,-165.6042,28.29
2.1042,-165.3958,28.24
2.1042,-165.1875,28.36
2.1042,-164.9792,28.44
2.1042,-164.7708,28.22
2.1042,-164.5625,28.34
2.1042,-164.3542,28.30
2.1042,-164.1458,28.43
2.1042,-163.9375,28.30
2.1042,-163.7292,28.43
2.1042,-163.5208,28.23
2.1042,-163.3125,28.47
2.1042,-163.1042,28.46
2.1042,-162.8958,28.29
2.1042,-162.6875,28.36
2.1042,-162.4792,28.36
2.1042,-162.2708,28.52
2.1042,-162.0625,28.36
2.1042,-161.8542,28.27
2.1042,-161.6458,28.21
2.1042,-161.4375,28.20
2.1042,-161.2292,27.96
2.1042,-161.0208,28.07
2.1042,-160.8125,28.31
2.1042,-160.6042,28.07
2.1042,-160.3958,28.25
2.1042,-160.1875,28.05
2.1042,-159.9792,28.14
2.1042,-159.7708,28.13
2.1042,-159.5625,28.08
2.1042,-159.3542,28.07
2.1042,-159.1458,28.04
2.1042,-158.9375,28.13
2.1042,-158.7292,27.97
2.1042,-158.5208,28.04
2.1042,-158.3125,27.97
2.1042,-158.1042,27.95
2.1042,-157.8958,27.97
2.1042,-157.6875,27.95
2.1042,-157.4792,27.74
2.1042,-157.2708,27.89
2.1042,-157.0625,27.84
2.1042,-156.8542,27.93
2.1042,-156.6458,28.02
2.1042,-156.4375,27.96
2.1042,-156.2292,27.92
2.1042,-156.0208,27.93
2.1042,-155.8125,27.77
2.1042,-155.6042,27.84
2.1042,-155.3958,27.99
2.1042,-155.1875,28.06
2.1042,-154.9792,28.14
2.1042,-154.7708,27.99
2.1042,-154.5625,28.14
2.1042,-154.3542,28.11
2.1042,-154.1458,27.93
2.1042,-153.9375,27.89
2.1042,-153.7292,27.98
2.1042,-153.5208,28.05
2.1042,-153.3125,27.91
2.1042,-153.1042,27.91
2.1042,-152.8958,27.95
2.1042,-152.6875,27.92
2.1042,-152.4792,27.89
2.1042,-152.2708,27.78
2.1042,-152.0625,27.90
2.1042,-151.8542,27.95
2.1042,-151.6458,27.95
2.1042,-151.4375,28.19
2.1042,-151.2292,27.90
2.1042,-151.0208,27.82
2.1042,-150.8125,27.86
2.1042,-150.6042,28.06
2.1042,-150.3958,27.96
2.1042,-150.1875,27.93
2.1042,-149.9792,27.90
2.1042,-149.7708,27.84
2.1042,-149.5625,27.82
2.1042,-149.3542,27.86
2.1042,-149.1458,27.99
2.1042,-148.9375,27.96
2.1042,-148.7292,27.89
2.1042,-148.5208,28.00
2.1042,-148.3125,27.95
2.1042,-148.1042,27.93
2.1042,-147.8958,27.89
2.1042,-147.6875,27.97
2.1042,-147.4792,27.96
2.1042,-147.2708,27.98
2.1042,-147.0625,28.04
2.1042,-146.8542,28.05
2.1042,-146.6458,28.01
2.1042,-146.4375,27.89
2.1042,-146.2292,27.86
2.1042,-146.0208,27.91
2.1042,-145.8125,27.90
2.1042,-145.6042,27.94
2.1042,-145.3958,27.82
2.1042,-145.1875,27.89
2.1042,-144.9792,27.93
2.1042,-144.7708,28.00
2.1042,-144.5625,27.98
2.1042,-144.3542,27.93
2.1042,-144.1458,27.97
2.1042,-143.9375,27.82
2.1042,-143.7292,28.07
2.1042,-143.5208,27.75
2.1042,-143.3125,27.82
2.1042,-143.1042,27.89
2.1042,-142.8958,27.82
2.1042,-142.6875,27.86
2.1042,-142.4792,27.75
2.1042,-142.2708,27.80
2.1042,-142.0625,27.77
2.1042,-141.8542,27.69
2.1042,-141.6458,27.72
2.1042,-141.4375,27.77
2.1042,-141.2292,27.81
2.1042,-141.0208,27.84
2.1042,-140.8125,27.80
2.1042,-140.6042,27.72
2.1042,-140.3958,27.64
2.1042,-140.1875,27.65
2.1042,-139.9792,27.66
2.1042,-139.7708,27.77
2.1042,-139.5625,27.81
2.1042,-139.3542,27.98
2.1042,-139.1458,28.02
2.1042,-138.9375,28.05
2.1042,-138.7292,28.08
2.1042,-138.5208,28.11
2.1042,-138.3125,27.93
2.1042,-138.1042,27.98
2.1042,-137.8958,27.90
2.1042,-137.6875,27.95
2.1042,-137.4792,28.07
2.1042,-137.2708,27.88
2.1042,-137.0625,27.73
2.1042,-136.8542,28.04
2.1042,-136.6458,27.75
2.1042,-136.4375,27.82
2.1042,-136.2292,27.89
2.1042,-136.0208,27.73
2.1042,-135.8125,27.77
2.1042,-135.6042,27.81
2.1042,-135.3958,27.75
2.1042,-135.1875,27.72
2.1042,-134.9792,27.65
2.1042,-134.7708,27.48
2.1042,-134.5625,27.49
2.1042,-134.3542,27.45
2.1042,-134.1458,27.46
2.1042,-133.9375,27.53
2.1042,-133.7292,27.48
2.1042,-133.5208,27.56
2.1042,-133.3125,27.43
2.1042,-133.1042,27.46
2.1042,-132.8958,27.64
2.1042,-132.6875,27.43
2.1042,-132.4792,27.45
2.1042,-132.2708,27.48
2.1042,-132.0625,27.27
2.1042,-131.8542,27.12
2.1042,-131.6458,27.39
2.1042,-131.4375,27.32
2.1042,-131.2292,27.38
2.1042,-131.0208,27.34
2.1042,-130.8125,27.14
2.1042,-130.6042,27.31
2.1042,-130.3958,27.41
2.1042,-130.1875,27.29
2.1042,-129.9792,27.34
2.1042,-129.7708,27.31
2.1042,-129.5625,27.62
2.1042,-129.3542,27.52
2.1042,-129.1458,27.43
2.1042,-128.9375,27.56
2.1042,-128.7292,27.61
2.1042,-128.5208,27.55
2.1042,-128.3125,27.46
2.1042,-128.1042,27.54
2.1042,-127.8958,27.55
2.1042,-127.6875,27.51
2.1042,-127.4792,27.53
2.1042,-127.2708,27.66
2.1042,-127.0625,27.54
2.1042,-126.8542,27.46
2.1042,-126.6458,27.32
2.1042,-126.4375,27.34
2.1042,-126.2292,27.24
2.1042,-126.0208,27.35
2.1042,-125.8125,27.21
2.1042,-125.6042,27.24
2.1042,-125.3958,27.05
2.1042,-125.1875,27.06
2.1042,-124.9792,26.90
2.1042,-124.7708,26.80
2.1042,-124.5625,26.77
2.1042,-124.3542,26.59
2.1042,-124.1458,26.62
2.1042,-123.9375,26.52
2.1042,-123.7292,26.45
2.1042,-123.5208,26.64
2.1042,-123.3125,26.59
2.1042,-123.1042,26.50
2.1042,-122.8958,26.50
2.1042,-122.6875,26.54
2.1042,-122.4792,26.57
2.1042,-122.2708,26.65
2.1042,-122.0625,26.82
2.1042,-121.8542,26.85
2.1042,-121.6458,26.99
2.1042,-121.4375,27.02
2.1042,-121.2292,26.99
2.1042,-121.0208,27.11
2.1042,-120.8125,27.24
2.1042,-120.6042,27.31
2.1042,-120.3958,27.40
2.1042,-120.1875,27.31
1.8958,-169.9792,28.40
1.8958,-169.7708,28.43
1.8958,-169.5625,28.44
1.8958,-169.3542,28.50
1.8958,-169.1458,28.52
1.8958,-168.9375,28.32
1.8958,-168.7292,28.50
1.8958,-168.5208,28.54
1.8958,-168.3125,28.62
1.8958,-168.1042,28.62
1.8958,-167.8958,28.54
1.8958,-167.6875,28.53
1.8958,-167.4792,28.59
1.8958,-167.2708,28.40
1.8958,-167.0625,28.41
1.8958,-166.8542,28.25
1.8958,-166.6458,28.32
1.8958,-166.4375,28.25
1.8958,-166.2292,28.36
1.8958,-166.0208,28.31
1.8958,-165.8125,28.32
1.8958,-165.6042,28.23
1.8958,-165.3958,28.11
1.8958,-165.1875,28.14
1.8958,-164.9792,28.15
1.8958,-164.7708,28.23
1.8958,-164.5625,28.28
1.8958,-164.3542,28.45
1.8958,-164.1458,28.55
1.8958,-163.9375,28.54
1.8958,-163.7292,28.46
1.8958,-163.5208,28.14
1.8958,-163.3125,28.24
1.8958,-163.1042,28.39
1.8958,-162.8958,28.32
1.8958,-162.6875,28.27
1.8958,-162.4792,28.54
1.8958,-162.2708,28.31
1.8958,-162.0625,28.36
1.8958,-161.8542,28.21
1.8958,-161.6458,28.15
1.8958,-161.4375,28.10
1.8958,-161.2292,28.15
1.8958,-161.0208,28.23
1.8958,-160.8125,28.35
1.8958,-160.6042,28.05
1.8958,-160.3958,28.27
1.8958,-160.1875,27.98
1.8958,-159.9792,28.06
1.8958,-159.7708,28.14
1.8958,-159.5625,28.06
1.8958,-159.3542,28.09
1.8958,-159.1458,28.23
1.8958,-158.9375,28.09
1.8958,-158.7292,28.05
1.8958,-158.5208,27.99
1.8958,-158.3125,27.96
1.8958,-158.1042,27.84
1.8958,-157.8958,27.92
1.8958,-157.6875,27.73
1.8958,-157.4792,29.55
1.8958,-157.2708,27.89
1.8958,-157.0625,27.86
1.8958,-156.8542,28.07
1.8958,-156.6458,27.99
1.8958,-156.4375,27.84
1.8958,-156.2292,27.91
1.8958,-156.0208,27.89
1.8958,-155.8125,27.88
1.8958,-155.6042,27.83
1.8958,-155.3958,27.73
1.8958,-155.1875,27.95
1.8958,-154.9792,28.11
1.8958,-154.7708,28.08
1.8958,-154.5625,28.14
1.8958,-154.3542,27.92
1.8958,-154.1458,27.84
1.8958,-153.9375,27.84
1.8958,-153.7292,27.84
1.8958,-153.5208,27.73
1.8958,-153.3125,27.73
1.8958,-153.1042,27.78
1.8958,-152.8958,27.92
1.8958,-152.6875,27.93
1.8958,-152.4792,27.77
1.8958,-152.2708,27.93
1.8958,-152.0625,27.78
1.8958,-151.8542,27.95
1.8958,-151.6458,27.95
1.8958,-151.4375,27.98
1.8958,-151.2292,27.92
1.8958,-151.0208,27.80
1.8958,-150.8125,27.86
1.8958,-150.6042,27.86
1.8958,-150.3958,27.81
1.8958,-150.1875,27.91
1.8958,-149.9792,27.86
1.8958,-149.7708,27.80
1.8958,-149.5625,27.85
1.8958,-149.3542,27.97
1.8958,-149.1458,28.01
1.8958,-148.9375,27.93
1.8958,-148.7292,27.99
1.8958,-148.5208,27.96
1.8958,-148.3125,27.95
1.8958,-148.1042,27.98
1.8958,-147.8958,27.76
1.8958,-147.6875,27.87
1.8958,-147.4792,27.97
1.8958,-147.2708,27.88
1.8958,-147.0625,28.02
1.8958,-146.8542,28.00
1.8958,-146.6458,27.97
1.8958,-146.4375,27.95
1.8958,-146.2292,27.90
1.8958,-146.0208,27.82
1.8958,-145.8125,27.78
1.8958,-145.6042,27.86
1.8958,-145.3958,27.84
1.8958,-145.1875,27.84
1.8958,-144.9792,27.83
1.8958,-144.7708,27.93
1.8958,-144.5625,27.91
1.8958,-144.3542,27.93
1.8958,-144.1458,27.91
1.8958,-143.9375,27.77
1.8958,-143.7292,27.70
1.8958,-143.5208,27.95
1.8958,-143.3125,27.85
1.8958,-143.1042,27.70
1.8958,-142.8958,27.73
1.8958,-142.6875,27.82
1.8958,-142.4792,27.77
1.8958,-142.2708,27.61
1.8958,-142.0625,27.63
1.8958,-141.8542,27.61
1.8958,-141.6458,27.55
1.8958,-141.4375,27.54
1.8958,-141.2292,27.75
1.8958,-141.0208,27.79
1.8958,-140.8125,27.77
1.8958,-140.6042,27.63
1.8958,-140.3958,27.59
1.8958,-140.1875,27.73
1.8958,-139.9792,27.68
1.8958,-139.7708,27.62
1.8958,-139.5625,27.55
1.8958,-139.3542,27.71
1.8958,-139.1458,27.92
1.8958,-138.9375,28.06
1.8958,-138.7292,28.06
1.8958,-138.5208,27.98
1.8958,-138.3125,27.92
1.8958,-138.1042,27.84
1.8958,-137.8958,27.80
1.8958,-137.6875,27.91
1.8958,-137.4792,28.03
1.8958,-137.2708,27.93
1.8958,-137.0625,27.80
1.8958,-136.8542,27.75
1.8958,-136.6458,27.69
1.8958,-136.4375,27.84
1.8958,-136.2292,27.68
1.8958,-136.0208,27.76
1.8958,-135.8125,27.72
1.8958,-135.6042,27.73
1.8958,-135.3958,27.64
1.8958,-135.1875,27.52
1.8958,-134.9792,27.58
1.8958,-134.7708,27.52
1.8958,-134.5625,27.39
1.8958,-134.3542,27.30
1.8958,-134.1458,27.32
1.8958,-133.9375,27.24
1.8958,-133.7292,27.29
1.8958,-133.5208,27.41
1.8958,-133.3125,27.38
1.8958,-133.1042,27.36
1.8958,-132.8958,27.27
1.8958,-132.6875,27.26
1.8958,-132.4792,27.26
1.8958,-132.2708,27.23
1.8958,-132.0625,27.07
1.8958,-131.8542,26.98
1.8958,-131.6458,26.97
1.8958,-131.4375,27.15
1.8958,-131.2292,27.20
1.8958,-131.0208,27.21
1.8958,-130.8125,27.14
1.8958,-130.6042,27.22
1.8958,-130.3958,27.11
1.8958,-130.1875,27.21
1.8958,-129.9792,27.14
1.8958,-129.7708,27.17
1.8958,-129.5625,27.31
1.8958,-129.3542,27.32
1.8958,-129.1458,27.49
1.8958,-128.9375,27.48
1.8958,-128.7292,27.34
1.8958,-128.5208,27.45
1.8958,-128.3125,27.43
1.8958,-128.1042,27.45
1.8958,-127.8958,27.38
1.8958,-127.6875,27.37
1.8958,-127.4792,27.39
1.8958,-127.2708,27.45
1.8958,-127.0625,27.38
1.8958,-126.8542,27.43
1.8958,-126.6458,27.25
1.8958,-126.4375,27.24
1.8958,-126.2292,27.16
1.8958,-126.0208,27.14
1.8958,-125.8125,27.25
1.8958,-125.6042,27.13
1.8958,-125.3958,27.01
1.8958,-125.1875,26.93
1.8958,-124.9792,26.88
1.8958,-124.7708,26.74
1.8958,-124.5625,26.70
1.8958,-124.3542,26.65
1.8958,-124.1458,26.47
1.8958,-123.9375,26.52
1.8958,-123.7292,26.48
1.8958,-123.5208,26.62
1.8958,-123.3125,26.56
1.8958,-123.1042,26.42
1.8958,-122.8958,26.39
1.8958,-122.6875,26.43
1.8958,-122.4792,26.45
1.8958,-122.2708,26.54
1.8958,-122.0625,26.52
1.8958,-121.8542,26.74
1.8958,-121.6458,26.70
1.8958,-121.4375,26.73
1.8958,-121.2292,26.90
1.8958,-121.0208,26.93
1.8958,-120.8125,27.22
1.8958,-120.6042,27.14
1.8958,-120.3958,27.20
1.8958,-120.1875,27.15
1.6875,-169.9792,28.33
1.6875,-169.7708,28.48
1.6875,-169.5625,28.43
1.6875,-169.3542,28.41
1.6875,-169.1458,28.54
1.6875,-168.9375,28.52
1.6875,-168.7292,28.55
1.6875,-168.5208,28.55
1.6875,-168.3125,28.50
1.6875,-168.1042,28.47
1.6875,-167.8958,28.42
1.6875,-167.6875,28.50
1.6875,-167.4792,28.49
1.6875,-167.2708,28.53
1.6875,-167.0625,28.19
1.6875,-166.8542,28.32
1.6875,-166.6458,28.28
1.6875,-166.4375,28.29
1.6875,-166.2292,28.34
1.6875,-166.0208,28.43
1.6875,-165.8125,28.33
1.6875,-165.6042,28.36
1.6875,-165.3958,28.16
1.6875,-165.1875,28.17
1.6875,-164.9792,28.27
1.6875,-164.7708,28.19
1.6875,-164.5625,28.27
1.6875,-164.3542,28.20
1.6875,-164.1458,28.32
1.6875,-163.9375,28.16
1.6875,-163.7292,28.27
1.6875,-163.5208,28.21
1.6875,-163.3125,28.27
1.6875,-163.1042,28.21
1.6875,-162.8958,28.31
1.6875,-162.6875,28.33
1.6875,-162.4792,28.32
1.6875,-162.2708,28.06
1.6875,-162.0625,27.96
1.6875,-161.8542,27.98
1.6875,-161.6458,28.04
1.6875,-161.4375,28.09
1.6875,-161.2292,28.00
1.6875,-161.0208,28.06
1.6875,-160.8125,28.04
1.6875,-160.6042,27.99
1.6875,-160.3958,28.29
1.6875,-160.1875,27.97
1.6875,-159.9792,28.05
1.6875,-159.7708,28.09
1.6875,-159.5625,28.18
1.6875,-159.3542,28.08
1.6875,-159.1458,28.05
1.6875,-158.9375,28.11
1.6875,-158.7292,27.99
1.6875,-158.5208,28.00
1.6875,-158.3125,28.01
1.6875,-158.1042,27.99
1.6875,-157.8958,27.95
1.6875,-157.6875,27.99
1.6875,-157.4792,27.88
1.6875,-157.2708,27.85
1.6875,-157.0625,27.72
1.6875,-156.8542,27.89
1.6875,-156.6458,27.86
1.6875,-156.4375,27.83
1.6875,-156.2292,27.84
1.6875,-156.0208,27.89
1.6875,-155.8125,27.93
1.6875,-155.6042,27.95
1.6875,-155.3958,27.89
1.6875,-155.1875,27.73
1.6875,-154.9792,27.99
1.6875,-154.7708,27.96
1.6875,-154.5625,28.14
1.6875,-154.3542,28.12
1.6875,-154.1458,28.04
1.6875,-153.9375,27.87
1.6875,-153.7292,27.62
1.6875,-153.5208,27.74
1.6875,-153.3125,27.80
1.6875,-153.1042,27.79
1.6875,-152.8958,27.78
1.6875,-152.6875,27.82
1.6875,-152.4792,27.90
1.6875,-152.2708,27.81
1.6875,-152.0625,27.90
1.6875,-151.8542,27.91
1.6875,-151.6458,27.90
1.6875,-151.4375,27.91
1.6875,-151.2292,27.84
1.6875,-151.0208,27.89
1.6875,-150.8125,27.80
1.6875,-150.6042,27.74
1.6875,-150.3958,27.77
1.6875,-150.1875,27.86
1.6875,-149.9792,27.80
1.6875,-149.7708,27.78
1.6875,-149.5625,27.84
1.6875,-149.3542,27.93
1.6875,-149.1458,27.95
1.6875,-148.9375,28.05
1.6875,-148.7292,27.97
1.6875,-148.5208,27.95
1.6875,-148.3125,27.97
1.6875,-148.1042,28.00
1.6875,-147.8958,28.04
1.6875,-147.6875,27.92
1.6875,-147.4792,27.99
1.6875,-147.2708,28.00
1.6875,-147.0625,27.96
1.6875,-146.8542,27.86
1.6875,-146.6458,27.90
1.6875,-146.4375,27.80
1.6875,-146.2292,27.73
1.6875,-146.0208,27.77
1.6875,-145.8125,27.78
1.6875,-145.6042,27.73
1.6875,-145.3958,27.86
1.6875,-145.1875,27.81
1.6875,-144.9792,27.93
1.6875,-144.7708,27.80
1.6875,-144.5625,27.80
1.6875,-144.3542,27.69
1.6875,-144.1458,27.72
1.6875,-143.9375,27.64
1.6875,-143.7292,27.59
1.6875,-143.5208,27.65
1.6875,-143.3125,27.71
1.6875,-143.1042,27.73
1.6875,-142.8958,27.65
1.6875,-142.6875,27.67
1.6875,-142.4792,27.73
1.6875,-142.2708,27.66
1.6875,-142.0625,27.59
1.6875,-141.8542,27.65
1.6875,-141.6458,27.47
1.6875,-141.4375,27.52
1.6875,-141.2292,27.66
1.6875,-141.0208,27.70
1.6875,-140.8125,27.62
1.6875,-140.6042,27.65
1.6875,-140.3958,27.66
1.6875,-140.1875,27.59
1.6875,-139.9792,27.61
1.6875,-139.7708,27.61
1.6875,-139.5625,27.59
1.6875,-139.3542,27.72
1.6875,-139.1458,27.70
1.6875,-138.9375,27.99
1.6875,-138.7292,27.96
1.6875,-138.5208,27.77
1.6875,-138.3125,27.87
1.6875,-138.1042,27.84
1.6875,-137.8958,27.86
1.6875,-137.6875,27.86
1.6875,-137.4792,27.95
1.6875,-137.2708,27.73
1.6875,-137.0625,27.86
1.6875,-136.8542,27.89
1.6875,-136.6458,27.74
1.6875,-136.4375,27.75
1.6875,-136.2292,27.72
1.6875,-136.0208,27.66
1.6875,-135.8125,27.72
1.6875,-135.6042,27.64
1.6875,-135.3958,27.68
1.6875,-135.1875,27.55
1.6875,-134.9792,27.41
1.6875,-134.7708,27.43
1.6875,-134.5625,27.30
1.6875,-134.3542,27.21
1.6875,-134.1458,27.22
1.6875,-133.9375,27.24
1.6875,-133.7292,27.14
1.6875,-133.5208,27.23
1.6875,-133.3125,27.22
1.6875,-133.1042,27.18
1.6875,-132.8958,27.15
1.6875,-132.6875,27.19
1.6875,-132.4792,27.11
1.6875,-132.2708,27.09
1.6875,-132.0625,26.95
1.6875,-131.8542,26.93
1.6875,-131.6458,27.03
1.6875,-131.4375,27.04
1.6875,-131.2292,27.05
1.6875,-131.0208,27.06
1.6875,-130.8125,26.99
1.6875,-130.6042,27.11
1.6875,-130.3958,27.02
1.6875,-130.1875,26.87
1.6875,-129.9792,27.16
1.6875,-129.7708,27.20
1.6875,-129.5625,27.09
1.6875,-129.3542,27.09
1.6875,-129.1458,27.30
1.6875,-128.9375,27.18
1.6875,-128.7292,27.20
1.6875,-128.5208,27.27
1.6875,-128.3125,27.39
1.6875,-128.1042,27.27
1.6875,-127.8958,27.33
1.6875,-127.6875,27.36
1.6875,-127.4792,27.34
1.6875,-127.2708,27.36
1.6875,-127.0625,27.33
1.6875,-126.8542,27.27
1.6875,-126.6458,27.18
1.6875,-126.4375,27.18
1.6875,-126.2292,27.01
1.6875,-126.0208,27.16
1.6875,-125.8125,27.11
1.6875,-125.6042,27.00
1.6875,-125.3958,26.97
1.6875,-125.1875,26.90
1.6875,-124.9792,26.88
1.6875,-124.7708,26.77
1.6875,-124.5625,26.68
1.6875,-124.3542,26.55
1.6875,-124.1458,26.55
1.6875,-123.9375,26.48
1.6875,-123.7292,26.41
1.6875,-123.5208,26.49
1.6875,-123.3125,26.46
1.6875,-123.1042,26.45
1.6875,-122.8958,26.36
1.6875,-122.6875,26.38
1.6875,-122.4792,26.44
1.6875,-122.2708,26.42
1.6875,-122.0625,26.36
1.6875,-121.8542,26.48
1.6875,-121.6458,26.66
1.6875,-121.4375,26.59
1.6875,-121.2292,26.71
1.6875,-121.0208,26.79
1.6875,-120.8125,26.93
1.6875,-120.6042,27.00
1.6875,-120.3958,27.11
1.6875,-120.1875,27.16
1.4792,-169.9792,28.34
1.4792,-169.7708,28.59
1.4792,-169.5625,28.34
1.4792,-169.3542,28.36
1.4792,-169.1458,28.30
1.4792,-168.9375,28.35
1.4792,-168.7292,28.30
1.4792,-168.5208,28.26
1.4792,-168.3125,28.27
1.4792,-168.1042,28.29
1.4792,-167.8958,28.29
1.4792,-167.6875,28.23
1.4792,-167.4792,28.42
1.4792,-167.2708,28.27
1.4792,-167.0625,28.11
1.4792,-166.8542,28.17
1.4792,-166.6458,28.23
1.4792,-166.4375,28.31
1.4792,-166.2292,28.27
1.4792,-166.0208,28.45
1.4792,-165.8125,28.33
1.4792,-165.6042,28.21
1.4792,-165.3958,28.24
1.4792,-165.1875,28.39
1.4792,-164.9792,28.38
1.4792,-164.7708,28.23
1.4792,-164.5625,28.24
1.4792,-164.3542,28.18
1.4792,-164.1458,28.25
1.4792,-163.9375,28.27
1.4792,-163.7292,28.25
1.4792,-163.5208,28.14
1.4792,-163.3125,28.20
1.4792,-163.1042,28.20
1.4792,-162.8958,28.24
1.4792,-162.6875,28.04
1.4792,-162.4792,28.07
1.4792,-162.2708,28.14
1.4792,-162.0625,27.98
1.4792,-161.8542,27.84
1.4792,-161.6458,27.83
1.4792,-161.4375,27.96
1.4792,-161.2292,27.88
1.4792,-161.0208,27.98
1.4792,-160.8125,28.10
1.4792,-160.6042,28.01
1.4792,-160.3958,27.94
1.4792,-160.1875,27.86
1.4792,-159.9792,27.95
1.4792,-159.7708,28.07
1.4792,-159.5625,27.91
1.4792,-159.3542,27.77
1.4792,-159.1458,27.95
1.4792,-158.9375,27.91
1.4792,-158.7292,27.89
1.4792,-158.5208,27.87
1.4792,-158.3125,27.97
1.4792,-158.1042,27.88
1.4792,-157.8958,28.05
1.4792,-157.6875,27.96
1.4792,-157.4792,27.95
1.4792,-157.2708,27.80
1.4792,-157.0625,27.77
1.4792,-156.8542,27.72
1.4792,-156.6458,27.89
1.4792,-156.4375,27.88
1.4792,-156.2292,27.93
1.4792,-156.0208,27.90
1.4792,-155.8125,27.82
1.4792,-155.6042,27.74
1.4792,-155.3958,27.82
1.4792,-155.1875,27.73
1.4792,-154.9792,27.90
1.4792,-154.7708,27.90
1.4792,-154.5625,27.80
1.4792,-154.3542,27.86
1.4792,-154.1458,27.97
1.4792,-153.9375,27.83
1.4792,-153.7292,27.66
1.4792,-153.5208,27.75
1.4792,-153.3125,27.93
1.4792,-153.1042,27.73
1.4792,-152.8958,27.71
1.4792,-152.6875,27.80
1.4792,-152.4792,27.84
1.4792,-152.2708,27.52
1.4792,-152.0625,27.77
1.4792,-151.8542,27.92
1.4792,-151.6458,27.86
1.4792,-151.4375,27.82
1.4792,-151.2292,27.67
1.4792,-151.0208,27.83
1.4792,-150.8125,27.84
1.4792,-150.6042,27.80
1.4792,-150.3958,27.81
1.4792,-150.1875,27.82
1.4792,-149.9792,27.85
1.4792,-149.7708,27.77
1.4792,-149.5625,27.88
1.4792,-149.3542,27.95
1.4792,-149.1458,27.86
1.4792,-148.9375,27.95
1.4792,-148.7292,27.91
1.4792,-148.5208,27.97
1.4792,-148.3125,27.94
1.4792,-148.1042,27.91
1.4792,-147.8958,28.00
1.4792,-147.6875,27.95
1.4792,-147.4792,27.86
1.4792,-147.2708,27.92
1.4792,-147.0625,27.88
1.4792,-146.8542,27.88
1.4792,-146.6458,27.86
1.4792,-146.4375,27.70
1.4792,-146.2292,27.75
1.4792,-146.0208,27.73
1.4792,-145.8125,27.73
1.4792,-145.6042,27.65
1.4792,-145.3958,27.72
1.4792,-145.1875,27.75
1.4792,-144.9792,27.79
1.4792,-144.7708,27.79
1.4792,-144.5625,27.66
1.4792,-144.3542,27.62
1.4792,-144.1458,27.61
1.4792,-143.9375,27.52
1.4792,-143.7292,27.40
1.4792,-143.5208,27.50
1.4792,-143.3125,27.48
1.4792,-143.1042,27.50
1.4792,-142.8958,27.61
1.4792,-142.6875,27.64
1.4792,-142.4792,27.74
1.4792,-142.2708,27.69
1.4792,-142.0625,27.61
1.4792,-141.8542,27.55
1.4792,-141.6458,27.65
1.4792,-141.4375,27.64
1.4792,-141.2292,27.49
1.4792,-141.0208,27.45
1.4792,-140.8125,27.54
1.4792,-140.6042,27.56
1.4792,-140.3958,27.63
1.4792,-140.1875,27.65
1.4792,-139.9792,27.52
1.4792,-139.7708,27.52
1.4792,-139.5625,27.56
1.4792,-139.3542,27.65
1.4792,-139.1458,27.62
1.4792,-138.9375,27.80
1.4792,-138.7292,27.79
1.4792,-138.5208,27.82
1.4792,-138.3125,27.66
1.4792,-138.1042,27.89
1.4792,-137.8958,27.99
1.4792,-137.6875,27.89
1.4792,-137.4792,27.82
1.4792,-137.2708,27.94
1.4792,-137.0625,27.70
1.4792,-136.8542,27.74
1.4792,-136.6458,27.75
1.4792,-136.4375,27.71
1.4792,-136.2292,27.74
1.4792,-136.0208,27.54
1.4792,-135.8125,27.55
1.4792,-135.6042,27.48
1.4792,-135.3958,27.55
1.4792,-135.1875,27.45
1.4792,-134.9792,27.30
1.4792,-134.7708,27.11
1.4792,-134.5625,27.06
1.4792,-134.3542,27.11
1.4792,-134.1458,27.01
1.4792,-133.9375,26.99
1.4792,-133.7292,26.90
1.4792,-133.5208,27.09
1.4792,-133.3125,27.02
1.4792,-133.1042,26.97
1.4792,-132.8958,27.02
1.4792,-132.6875,27.01
1.4792,-132.4792,27.02
1.4792,-132.2708,26.86
1.4792,-132.0625,26.72
1.4792,-131.8542,26.74
1.4792,-131.6458,26.90
1.4792,-131.4375,26.95
1.4792,-131.2292,26.99
1.4792,-131.0208,26.96
1.4792,-130.8125,26.83
1.4792,-130.6042,26.82
1.4792,-130.3958,26.84
1.4792,-130.1875,26.84
1.4792,-129.9792,26.98
1.4792,-129.7708,26.92
1.4792,-129.5625,26.98
1.4792,-129.3542,27.15
1.4792,-129.1458,27.01
1.4792,-128.9375,27.09
1.4792,-128.7292,27.18
1.4792,-128.5208,27.17
1.4792,-128.3125,27.23
1.4792,-128.1042,27.28
1.4792,-127.8958,27.32
1.4792,-127.6875,27.26
1.4792,-127.4792,27.24
1.4792,-127.2708,27.21
1.4792,-127.0625,27.19
1.4792,-126.8542,27.16
1.4792,-126.6458,27.18
1.4792,-126.4375,27.11
1.4792,-126.2292,26.98
1.4792,-126.0208,27.00
1.4792,-125.8125,26.89
1.4792,-125.6042,26.90
1.4792,-125.3958,26.88
1.4792,-125.1875,26.81
1.4792,-124.9792,26.69
1.4792,-124.7708,26.68
1.4792,-124.5625,26.61
1.4792,-124.3542,26.48
1.4792,-124.1458,26.40
1.4792,-123.9375,26.44
1.4792,-123.7292,26.34
1.4792,-123.5208,26.34
1.4792,-123.3125,26.31
1.4792,-123.1042,26.25
1.4792,-122.8958,26.23
1.4792,-122.6875,26.25
1.4792,-122.4792,26.22
1.4792,-122.2708,26.23
1.4792,-122.0625,26.28
1.4792,-121.8542,26.30
1.4792,-121.6458,26.36
1.4792,-121.4375,26.52
1.4792,-121.2292,26.49
1.4792,-121.0208,26.54
1.4792,-120.8125,26.73
1.4792,-120.6042,26.75
1.4792,-120.3958,26.86
1.4792,-120.1875,26.90
1.2708,-169.9792,28.50
1.2708,-169.7708,28.43
1.2708,-169.5625,28.32
1.2708,-169.3542,28.40
1.2708,-169.1458,28.21
1.2708,-168.9375,28.22
1.2708,-168.7292,28.21
1.2708,-168.5208,28.09
1.2708,-168.3125,28.25
1.2708,-168.1042,28.15
1.2708,-167.8958,28.11
1.2708,-167.6875,28.20
1.2708,-167.4792,28.22
1.2708,-167.2708,28.30
1.2708,-167.0625,28.14
1.2708,-166.8542,28.27
1.2708,-166.6458,28.18
1.2708,-166.4375,28.21
1.2708,-166.2292,28.32
1.2708,-166.0208,28.32
1.2708,-165.8125,28.34
1.2708,-165.6042,28.20
1.2708,-165.3958,28.20
1.2708,-165.1875,28.20
1.2708,-164.9792,28.24
1.2708,-164.7708,28.23
1.2708,-164.5625,28.16
1.2708,-164.3542,28.19
1.2708,-164.1458,28.16
1.2708,-163.9375,28.14
1.2708,-163.7292,28.14
1.2708,-163.5208,28.21
1.2708,-163.3125,28.22
1.2708,-163.1042,27.98
1.2708,-162.8958,28.01
1.2708,-162.6875,27.93
1.2708,-162.4792,28.05
1.2708,-162.2708,28.02
1.2708,-162.0625,27.90
1.2708,-161.8542,28.00
1.2708,-161.6458,27.86
1.2708,-161.4375,27.96
1.2708,-161.2292,27.59
1.2708,-161.0208,27.68
1.2708,-160.8125,27.86
1.2708,-160.6042,27.90
1.2708,-160.3958,27.84
1.2708,-160.1875,27.73
1.2708,-159.9792,27.88
1.2708,-159.7708,27.73
1.2708,-159.5625,27.73
1.2708,-159.3542,27.68
1.2708,-159.1458,27.81
1.2708,-158.9375,27.82
1.2708,-158.7292,27.66
1.2708,-158.5208,27.90
1.2708,-158.3125,27.94
1.2708,-158.1042,27.86
1.2708,-157.8958,27.77
1.2708,-157.6875,27.77
1.2708,-157.4792,27.86
1.2708,-157.2708,27.84
1.2708,-157.0625,27.95
1.2708,-156.8542,27.89
1.2708,-156.6458,27.68
1.2708,-156.4375,27.70
1.2708,-156.2292,27.74
1.2708,-156.0208,27.73
1.2708,-155.8125,27.69
1.2708,-155.6042,27.65
1.2708,-155.3958,27.56
1.2708,-155.1875,27.72
1.2708,-154.9792,27.86
1.2708,-154.7708,27.90
1.2708,-154.5625,27.80
1.2708,-154.3542,27.71
1.2708,-154.1458,27.59
1.2708,-153.9375,27.83
1.2708,-153.7292,27.88
1.2708,-153.5208,27.89
1.2708,-153.3125,27.88
1.2708,-153.1042,27.68
1.2708,-152.8958,27.77
1.2708,-152.6875,27.87
1.2708,-152.4792,27.80
1.2708,-152.2708,27.86
1.2708,-152.0625,27.86
1.2708,-151.8542,27.82
1.2708,-151.6458,27.70
1.2708,-151.4375,27.82
1.2708,-151.2292,27.66
1.2708,-151.0208,27.82
1.2708,-150.8125,27.81
1.2708,-150.6042,27.93
1.2708,-150.3958,27.86
1.2708,-150.1875,27.88
1.2708,-149.9792,27.84
1.2708,-149.7708,27.71
1.2708,-149.5625,27.70
1.2708,-149.3542,27.68
1.2708,-149.1458,27.86
1.2708,-148.9375,27.89
1.2708,-148.7292,27.87
1.2708,-148.5208,27.91
1.2708,-148.3125,27.93
1.2708,-148.1042,27.84
1.2708,-147.8958,27.86
1.2708,-147.6875,27.78
1.2708,-147.4792,27.87
1.2708,-147.2708,27.88
1.2708,-147.0625,27.88
1.2708,-146.8542,27.72
1.2708,-146.6458,27.83
1.2708,-146.4375,27.68
1.2708,-146.2292,27.75
1.2708,-146.0208,27.72
1.2708,-145.8125,27.77
1.2708,-145.6042,27.80
1.2708,-145.3958,27.66
1.2708,-145.1875,27.65
1.2708,-144.9792,27.64
1.2708,-144.7708,27.65
1.2708,-144.5625,27.57
1.2708,-144.3542,27.54
1.2708,-144.1458,27.45
1.2708,-143.9375,27.49
1.2708,-143.7292,27.39
1.2708,-143.5208,27.49
1.2708,-143.3125,27.43
1.2708,-143.1042,27.48
1.2708,-142.8958,27.43
1.2708,-142.6875,27.38
1.2708,-142.4792,27.67
1.2708,-142.2708,27.68
1.2708,-142.0625,27.59
1.2708,-141.8542,27.65
1.2708,-141.6458,27.42
1.2708,-141.4375,27.53
1.2708,-141.2292,27.43
1.2708,-141.0208,27.49
1.2708,-140.8125,27.49
1.2708,-140.6042,27.46
1.2708,-140.3958,27.36
1.2708,-140.1875,27.52
1.2708,-139.9792,27.44
1.2708,-139.7708,27.57
1.2708,-139.5625,27.52
1.2708,-139.3542,27.67
1.2708,-139.1458,27.57
1.2708,-138.9375,27.63
1.2708,-138.7292,27.65
1.2708,-138.5208,27.80
1.2708,-138.3125,27.56
1.2708,-138.1042,27.79
1.2708,-137.8958,27.71
1.2708,-137.6875,27.88
1.2708,-137.4792,27.80
1.2708,-137.2708,27.83
1.2708,-137.0625,27.83
1.2708,-136.8542,27.77
1.2708,-136.6458,27.80
1.2708,-136.4375,27.70
1.2708,-136.2292,27.62
1.2708,-136.0208,27.50
1.2708,-135.8125,27.50
1.2708,-135.6042,27.48
1.2708,-135.3958,27.36
1.2708,-135.1875,27.24
1.2708,-134.9792,27.13
1.2708,-134.7708,27.05
1.2708,-134.5625,27.00
1.2708,-134.3542,26.86
1.2708,-134.1458,26.84
1.2708,-133.9375,26.84
1.2708,-133.7292,26.77
1.2708,-133.5208,26.86
1.2708,-133.3125,26.86
1.2708,-133.1042,26.77
1.2708,-132.8958,26.79
1.2708,-132.6875,26.85
1.2708,-132.4792,26.75
1.2708,-132.2708,26.84
1.2708,-132.0625,26.81
1.2708,-131.8542,26.84
1.2708,-131.6458,26.85
1.2708,-131.4375,26.91
1.2708,-131.2292,26.88
1.2708,-131.0208,26.92
1.2708,-130.8125,26.78
1.2708,-130.6042,26.84
1.2708,-130.3958,26.77
1.2708,-130.1875,26.69
1.2708,-129.9792,26.86
1.2708,-129.7708,26.95
1.2708,-129.5625,26.88
1.2708,-129.3542,26.93
1.2708,-129.1458,27.02
1.2708,-128.9375,26.98
1.2708,-128.7292,27.10
1.2708,-128.5208,27.15
1.2708,-128.3125,27.11
1.2708,-128.1042,27.15
1.2708,-127.8958,27.16
1.2708,-127.6875,27.16
1.2708,-127.4792,27.09
1.2708,-127.2708,27.12
1.2708,-127.0625,27.11
1.2708,-126.8542,27.08
1.2708,-126.6458,26.95
1.2708,-126.4375,26.91
1.2708,-126.2292,26.90
1.2708,-126.0208,26.94
1.2708,-125.8125,26.75
1.2708,-125.6042,26.80
1.2708,-125.3958,26.69
1.2708,-125.1875,26.59
1.2708,-124.9792,26.57
1.2708,-124.7708,26.51
1.2708,-124.5625,26.48
1.2708,-124.3542,26.25
1.2708,-124.1458,26.20
1.2708,-123.9375,26.20
1.2708,-123.7292,26.30
1.2708,-123.5208,26.29
1.2708,-123.3125,26.23
1.2708,-123.1042,26.23
1.2708,-122.8958,26.16
1.2708,-122.6875,26.09
1.2708,-122.4792,26.09
1.2708,-122.2708,26.20
1.2708,-122.0625,26.19
1.2708,-121.8542,26.18
1.2708,-121.6458,26.24
1.2708,-121.4375,26.31
1.2708,-121.2292,26.40
1.2708,-121.0208,26.43
1.2708,-120.8125,26.51
1.2708,-120.6042,26.55
1.2708,-120.3958,26.59
1.2708,-120.1875,26.75
1.0625,-169.9792,28.29
1.0625,-169.7708,28.38
1.0625,-169.5625,28.29
1.0625,-169.3542,28.20
1.0625,-169.1458,28.15
1.0625,-168.9375,28.15
1.0625,-168.7292,28.29
1.0625,-168.5208,28.29
1.0625,-168.3125,28.06
1.0625,-168.1042,28.24
1.0625,-167.8958,28.17
1.0625,-167.6875,28.25
1.0625,-167.4792,28.22
1.0625,-167.2708,28.24
1.0625,-167.0625,28.27
1.0625,-166.8542,28.32
1.0625,-166.6458,28.15
1.0625,-166.4375,28.30
1.0625,-166.2292,28.15
1.0625,-166.0208,28.16
1.0625,-165.8125,28.22
1.0625,-165.6042,28.22
1.0625,-165.3958,28.20
1.0625,-165.1875,28.09
1.0625,-164.9792,28.15
1.0625,-164.7708,28.20
1.0625,-164.5625,28.18
1.0625,-164.3542,28.05
1.0625,-164.1458,28.06
1.0625,-163.9375,28.07
1.0625,-163.7292,28.15
1.0625,-163.5208,28.18
1.0625,-163.3125,28.05
1.0625,-163.1042,27.99
1.0625,-162.8958,28.02
1.0625,-162.6875,27.79
1.0625,-162.4792,28.09
1.0625,-162.2708,27.86
1.0625,-162.0625,27.89
1.0625,-161.8542,27.81
1.0625,-161.6458,27.86
1.0625,-161.4375,27.87
1.0625,-161.2292,27.79
1.0625,-161.0208,27.78
1.0625,-160.8125,28.04
1.0625,-160.6042,27.88
1.0625,-160.3958,27.86
1.0625,-160.1875,27.80
1.0625,-159.9792,27.76
1.0625,-159.7708,27.71
1.0625,-159.5625,27.82
1.0625,-159.3542,27.68
1.0625,-159.1458,27.66
1.0625,-158.9375,27.71
1.0625,-158.7292,27.71
1.0625,-158.5208,27.74
1.0625,-158.3125,27.78
1.0625,-158.1042,27.63
1.0625,-157.8958,27.66
1.0625,-157.6875,27.77
1.0625,-157.4792,27.74
1.0625,-157.2708,27.78
1.0625,-157.0625,27.86
1.0625,-156.8542,27.84
1.0625,-156.6458,27.74
1.0625,-156.4375,27.76
1.0625,-156.2292,27.74
1.0625,-156.0208,27.77
1.0625,-155.8125,27.66
1.0625,-155.6042,27.64
1.0625,-155.3958,27.71
1.0625,-155.1875,27.75
1.0625,-154.9792,27.84
1.0625,-154.7708,27.80
1.0625,-154.5625,27.64
1.0625,-154.3542,27.66
1.0625,-154.1458,27.68
1.0625,-153.9375,27.69
1.0625,-153.7292,27.65
1.0625,-153.5208,27.73
1.0625,-153.3125,27.59
1.0625,-153.1042,27.70
1.0625,-152.8958,27.71
1.0625,-152.6875,27.83
1.0625,-152.4792,27.88
1.0625,-152.2708,27.68
1.0625,-152.0625,27.67
1.0625,-151.8542,27.61
1.0625,-151.6458,27.67
1.0625,-151.4375,27.65
1.0625,-151.2292,27.64
1.0625,-151.0208,27.85
1.0625,-150.8125,27.80
1.0625,-150.6042,27.77
1.0625,-150.3958,27.82
1.0625,-150.1875,27.79
1.0625,-149.9792,27.82
1.0625,-149.7708,27.81
1.0625,-149.5625,27.71
1.0625,-149.3542,27.47
1.0625,-149.1458,27.67
1.0625,-148.9375,27.79
1.0625,-148.7292,27.84
1.0625,-148.5208,27.79
1.0625,-148.3125,27.76
1.0625,-148.1042,27.78
1.0625,-147.8958,27.78
1.0625,-147.6875,27.86
1.0625,-147.4792,27.75
1.0625,-147.2708,27.80
1.0625,-147.0625,27.81
1.0625,-146.8542,27.59
1.0625,-146.6458,27.64
1.0625,-146.4375,27.68
1.0625,-146.2292,27.65
1.0625,-146.0208,27.58
1.0625,-145.8125,27.55
1.0625,-145.6042,27.63
1.0625,-145.3958,27.61
1.0625,-145.1875,27.50
1.0625,-144.9792,27.57
1.0625,-144.7708,27.53
1.0625,-144.5625,27.47
1.0625,-144.3542,27.41
1.0625,-144.1458,27.37
1.0625,-143.9375,27.40
1.0625,-143.7292,27.32
1.0625,-143.5208,27.40
1.0625,-143.3125,27.24
1.0625,-143.1042,27.24
1.0625,-142.8958,27.27
1.0625,-142.6875,27.37
1.0625,-142.4792,27.30
1.0625,-142.2708,27.49
1.0625,-142.0625,27.46
1.0625,-141.8542,27.64
1.0625,-141.6458,27.51
1.0625,-141.4375,27.38
1.0625,-141.2292,27.47
1.0625,-141.0208,27.45
1.0625,-140.8125,27.43
1.0625,-140.6042,27.39
1.0625,-140.3958,27.36
1.0625,-140.1875,27.47
1.0625,-139.9792,27.46
1.0625,-139.7708,27.39
1.0625,-139.5625,27.46
1.0625,-139.3542,27.52
1.0625,-139.1458,27.57
1.0625,-138.9375,27.52
1.0625,-138.7292,27.58
1.0625,-138.5208,27.62
1.0625,-138.3125,27.61
1.0625,-138.1042,27.64
1.0625,-137.8958,27.71
1.0625,-137.6875,27.75
1.0625,-137.4792,27.64
1.0625,-137.2708,27.57
1.0625,-137.0625,27.80
1.0625,-136.8542,27.73
1.0625,-136.6458,27.52
1.0625,-136.4375,27.61
1.0625,-136.2292,27.54
1.0625,-136.0208,27.39
1.0625,-135.8125,27.41
1.0625,-135.6042,27.34
1.0625,-135.3958,27.18
1.0625,-135.1875,27.05
1.0625,-134.9792,27.00
1.0625,-134.7708,27.00
1.0625,-134.5625,26.89
1.0625,-134.3542,26.70
1.0625,-134.1458,26.64
1.0625,-133.9375,26.68
1.0625,-133.7292,26.60
1.0625,-133.5208,26.61
1.0625,-133.3125,26.75
1.0625,-133.1042,26.68
1.0625,-132.8958,26.62
1.0625,-132.6875,26.73
1.0625,-132.4792,26.77
1.0625,-132.2708,26.62
1.0625,-132.0625,26.67
1.0625,-131.8542,26.81
1.0625,-131.6458,26.84
1.0625,-131.4375,26.89
1.0625,-131.2292,26.82
1.0625,-131.0208,26.86
1.0625,-130.8125,26.66
1.0625,-130.6042,26.69
1.0625,-130.3958,26.71
1.0625,-130.1875,26.77
1.0625,-129.9792,26.74
1.0625,-129.7708,26.79
1.0625,-129.5625,26.79
1.0625,-129.3542,26.92
1.0625,-129.1458,26.94
1.0625,-128.9375,26.78
1.0625,-128.7292,26.96
1.0625,-128.5208,26.96
1.0625,-128.3125,27.03
1.0625,-128.1042,26.95
1.0625,-127.8958,27.09
1.0625,-127.6875,27.08
1.0625,-127.4792,27.00
1.0625,-127.2708,27.04
1.0625,-127.0625,27.02
1.0625,-126.8542,27.00
1.0625,-126.6458,26.93
1.0625,-126.4375,26.80
1.0625,-126.2292,26.84
1.0625,-126.0208,26.77
1.0625,-125.8125,26.71
1.0625,-125.6042,26.59
1.0625,-125.3958,26.52
1.0625,-125.1875,26.38
1.0625,-124.9792,26.31
1.0625,-124.7708,26.35
1.0625,-124.5625,26.36
1.0625,-124.3542,26.24
1.0625,-124.1458,26.08
1.0625,-123.9375,26.04
1.0625,-123.7292,26.13
1.0625,-123.5208,26.12
1.0625,-123.3125,26.20
1.0625,-123.1042,26.19
1.0625,-122.8958,26.09
1.0625,-122.6875,26.09
1.0625,-122.4792,26.00
1.0625,-122.2708,26.10
1.0625,-122.0625,26.11
1.0625,-121.8542,26.09
1.0625,-121.6458,26.18
1.0625,-121.4375,26.20
1.0625,-121.2292,26.34
1.0625,-121.0208,26.32
1.0625,-120.8125,26.24
1.0625,-120.6042,26.43
1.0625,-120.3958,26.41
1.0625,-120.1875,26.44
0.8542,-169.9792,28.24
0.8542,-169.7708,28.20
0.8542,-169.5625,28.25
0.8542,-169.3542,28.10
0.8542,-169.1458,28.02
0.8542,-168.9375,28.07
0.8542,-168.7292,28.11
0.8542,-168.5208,28.20
0.8542,-168.3125,28.19
0.8542,-168.1042,28.13
0.8542,-167.8958,28.16
0.8542,-167.6875,28.22
0.8542,-167.4792,28.44
0.8542,-167.2708,28.12
0.8542,-167.0625,28.26
0.8542,-166.8542,28.34
0.8542,-166.6458,28.40
0.8542,-166.4375,28.29
0.8542,-166.2292,28.21
0.8542,-166.0208,28.36
0.8542,-165.8125,28.21
0.8542,-165.6042,28.20
0.8542,-165.3958,28.20
0.8542,-165.1875,28.16
0.8542,-164.9792,28.15
0.8542,-164.7708,28.16
0.8542,-164.5625,28.05
0.8542,-164.3542,28.12
0.8542,-164.1458,28.15
0.8542,-163.9375,28.05
0.8542,-163.7292,28.09
0.8542,-163.5208,28.14
0.8542,-163.3125,28.00
0.8542,-163.1042,28.19
0.8542,-162.8958,27.97
0.8542,-162.6875,27.93
0.8542,-162.4792,28.02
0.8542,-162.2708,27.86
0.8542,-162.0625,27.80
0.8542,-161.8542,27.86
0.8542,-161.6458,27.84
0.8542,-161.4375,27.72
0.8542,-161.2292,27.73
0.8542,-161.0208,27.88
0.8542,-160.8125,27.78
0.8542,-160.6042,27.69
0.8542,-160.3958,27.77
0.8542,-160.1875,27.83
0.8542,-159.9792,27.92
0.8542,-159.7708,27.80
0.8542,-159.5625,27.72
0.8542,-159.3542,27.66
0.8542,-159.1458,27.75
0.8542,-158.9375,27.75
0.8542,-158.7292,27.71
0.8542,-158.5208,27.89
0.8542,-158.3125,27.71
0.8542,-158.1042,27.76
0.8542,-157.8958,27.68
0.8542,-157.6875,27.69
0.8542,-157.4792,27.75
0.8542,-157.2708,27.78
0.8542,-157.0625,27.75
0.8542,-156.8542,27.77
0.8542,-156.6458,27.80
0.8542,-156.4375,27.75
0.8542,-156.2292,27.73
0.8542,-156.0208,27.81
0.8542,-155.8125,27.76
0.8542,-155.6042,27.77
0.8542,-155.3958,27.71
0.8542,-155.1875,27.73
0.8542,-154.9792,27.80
0.8542,-154.7708,27.76
0.8542,-154.5625,27.70
0.8542,-154.3542,27.72
0.8542,-154.1458,27.68
0.8542,-153.9375,27.74
0.8542,-153.7292,27.68
0.8542,-153.5208,27.74
0.8542,-153.3125,27.82
0.8542,-153.1042,27.83
0.8542,-152.8958,27.76
0.8542,-152.6875,27.78
0.8542,-152.4792,27.75
0.8542,-152.2708,27.53
0.8542,-152.0625,27.71
0.8542,-151.8542,27.65
0.8542,-151.6458,27.52
0.8542,-151.4375,27.53
0.8542,-151.2292,27.56
0.8542,-151.0208,27.63
0.8542,-150.8125,27.71
0.8542,-150.6042,27.74
0.8542,-150.3958,27.80
0.8542,-150.1875,27.77
0.8542,-149.9792,27.74
0.8542,-149.7708,27.65
0.8542,-149.5625,27.63
0.8542,-149.3542,27.68
0.8542,-149.1458,27.64
0.8542,-148.9375,27.77
0.8542,-148.7292,27.74
0.8542,-148.5208,27.75
0.8542,-148.3125,27.80
0.8542,-148.1042,27.75
0.8542,-147.8958,27.72
0.8542,-147.6875,27.86
0.8542,-147.4792,27.70
0.8542,-147.2708,27.70
0.8542,-147.0625,27.71
0.8542,-146.8542,27.55
0.8542,-146.6458,27.62
0.8542,-146.4375,27.59
0.8542,-146.2292,27.61
0.8542,-146.0208,27.57
0.8542,-145.8125,27.44
0.8542,-145.6042,27.39
0.8542,-145.3958,27.48
0.8542,-145.1875,27.41
0.8542,-144.9792,27.55
0.8542,-144.7708,27.45
0.8542,-144.5625,27.30
0.8542,-144.3542,27.23
0.8542,-144.1458,27.28
0.8542,-143.9375,27.27
0.8542,-143.7292,27.20
0.8542,-143.5208,27.22
0.8542,-143.3125,27.18
0.8542,-143.1042,27.35
0.8542,-142.8958,27.32
0.8542,-142.6875,27.14
0.8542,-142.4792,27.39
0.8542,-142.2708,27.38
0.8542,-142.0625,27.55
0.8542,-141.8542,27.44
0.8542,-141.6458,27.34
0.8542,-141.4375,27.52
0.8542,-141.2292,27.41
0.8542,-141.0208,27.31
0.8542,-140.8125,27.38
0.8542,-140.6042,27.40
0.8542,-140.3958,27.27
0.8542,-140.1875,27.41
0.8542,-139.9792,27.37
0.8542,-139.7708,27.35
0.8542,-139.5625,27.36
0.8542,-139.3542,27.36
0.8542,-139.1458,27.42
0.8542,-138.9375,27.39
0.8542,-138.7292,27.52
0.8542,-138.5208,27.55
0.8542,-138.3125,27.49
0.8542,-138.1042,27.60
0.8542,-137.8958,27.57
0.8542,-137.6875,27.64
0.8542,-137.4792,27.59
0.8542,-137.2708,27.57
0.8542,-137.0625,27.59
0.8542,-136.8542,27.48
0.8542,-136.6458,27.42
0.8542,-136.4375,27.61
0.8542,-136.2292,27.46
0.8542,-136.0208,27.31
0.8542,-135.8125,27.18
0.8542,-135.6042,27.16
0.8542,-135.3958,27.08
0.8542,-135.1875,27.04
0.8542,-134.9792,26.81
0.8542,-134.7708,26.77
0.8542,-134.5625,26.62
0.8542,-134.3542,26.56
0.8542,-134.1458,26.52
0.8542,-133.9375,26.47
0.8542,-133.7292,26.59
0.8542,-133.5208,26.70
0.8542,-133.3125,26.55
0.8542,-133.1042,26.65
0.8542,-132.8958,26.72
0.8542,-132.6875,26.70
0.8542,-132.4792,26.72
0.8542,-132.2708,26.68
0.8542,-132.0625,26.66
0.8542,-131.8542,26.74
0.8542,-131.6458,26.73
0.8542,-131.4375,26.74
0.8542,-131.2292,26.57
0.8542,-131.0208,26.60
0.8542,-130.8125,26.62
0.8542,-130.6042,26.57
0.8542,-130.3958,26.55
0.8542,-130.1875,26.60
0.8542,-129.9792,26.57
0.8542,-129.7708,26.65
0.8542,-129.5625,26.79
0.8542,-129.3542,26.70
0.8542,-129.1458,26.73
0.8542,-128.9375,26.75
0.8542,-128.7292,26.81
0.8542,-128.5208,26.84
0.8542,-128.3125,26.88
0.8542,-128.1042,26.95
0.8542,-127.8958,27.05
0.8542,-127.6875,26.95
0.8542,-127.4792,27.07
0.8542,-127.2708,26.98
0.8542,-127.0625,26.91
0.8542,-126.8542,26.91
0.8542,-126.6458,26.86
0.8542,-126.4375,26.73
0.8542,-126.2292,26.71
0.8542,-126.0208,26.61
0.8542,-125.8125,26.59
0.8542,-125.6042,26.43
0.8542,-125.3958,26.48
0.8542,-125.1875,26.32
0.8542,-124.9792,26.30
0.8542,-124.7708,26.20
0.8542,-124.5625,26.20
0.8542,-124.3542,26.05
0.8542,-124.1458,26.02
0.8542,-123.9375,26.04
0.8542,-123.7292,26.07
0.8542,-123.5208,26.07
0.8542,-123.3125,26.04
0.8542,-123.1042,26.19
0.8542,-122.8958,25.99
0.8542,-122.6875,26.06
0.8542,-122.4792,25.95
0.8542,-122.2708,25.96
0.8542,-122.0625,26.09
0.8542,-121.8542,26.05
0.8542,-121.6458,26.02
0.8542,-121.4375,26.06
0.8542,-121.2292,26.21
0.8542,-121.0208,26.09
0.8542,-120.8125,26.02
0.8542,-120.6042,26.09
0.8542,-120.3958,26.16
0.8542,-120.1875,26.21
0.6458,-169.9792,28.15
0.6458,-169.7708,28.06
0.6458,-169.5625,28.12
0.6458,-169.3542,28.17
0.6458,-169.1458,28.05
0.6458,-168.9375,28.24
0.6458,-168.7292,28.22
0.6458,-168.5208,28.27
0.6458,-168.3125,28.14
0.6458,-168.1042,28.02
0.6458,-167.8958,28.23
0.6458,-167.6875,28.36
0.6458,-167.4792,28.38
0.6458,-167.2708,28.24
0.6458,-167.0625,28.30
0.6458,-166.8542,28.36
0.6458,-166.6458,28.28
0.6458,-166.4375,28.42
0.6458,-166.2292,28.37
0.6458,-166.0208,28.38
0.6458,-165.8125,28.33
0.6458,-165.6042,28.25
0.6458,-165.3958,28.18
0.6458,-165.1875,28.06
0.6458,-164.9792,28.08
0.6458,-164.7708,28.07
0.6458,-164.5625,27.91
0.6458,-164.3542,28.05
0.6458,-164.1458,28.00
0.6458,-163.9375,28.04
0.6458,-163.7292,27.97
0.6458,-163.5208,27.99
0.6458,-163.3125,27.97
0.6458,-163.1042,27.97
0.6458,-162.8958,27.89
0.6458,-162.6875,27.93
0.6458,-162.4792,27.95
0.6458,-162.2708,27.86
0.6458,-162.0625,27.83
0.6458,-161.8542,27.96
0.6458,-161.6458,27.71
0.6458,-161.4375,27.84
0.6458,-161.2292,27.77
0.6458,-161.0208,27.76
0.6458,-160.8125,27.64
0.6458,-160.6042,27.77
0.6458,-160.3958,27.76
0.6458,-160.1875,27.74
0.6458,-159.9792,27.79
0.6458,-159.7708,27.86
0.6458,-159.5625,27.73
0.6458,-159.3542,27.75
0.6458,-159.1458,27.74
0.6458,-158.9375,27.76
0.6458,-158.7292,27.74
0.6458,-158.5208,27.77
0.6458,-158.3125,27.77
0.6458,-158.1042,27.78
0.6458,-157.8958,27.66
0.6458,-157.6875,27.74
0.6458,-157.4792,27.71
0.6458,-157.2708,27.73
0.6458,-157.0625,27.72
0.6458,-156.8542,27.76
0.6458,-156.6458,27.74
0.6458,-156.4375,27.68
0.6458,-156.2292,27.75
0.6458,-156.0208,27.81
0.6458,-155.8125,27.82
0.6458,-155.6042,27.76
0.6458,-155.3958,27.79
0.6458,-155.1875,27.70
0.6458,-154.9792,27.77
0.6458,-154.7708,27.80
0.6458,-154.5625,27.69
0.6458,-154.3542,27.70
0.6458,-154.1458,27.68
0.6458,-153.9375,27.68
0.6458,-153.7292,27.68
0.6458,-153.5208,27.64
0.6458,-153.3125,27.82
0.6458,-153.1042,27.72
0.6458,-152.8958,27.71
0.6458,-152.6875,27.71
0.6458,-152.4792,27.61
0.6458,-152.2708,27.71
0.6458,-152.0625,27.65
0.6458,-151.8542,27.43
0.6458,-151.6458,27.52
0.6458,-151.4375,27.57
0.6458,-151.2292,27.64
0.6458,-151.0208,27.57
0.6458,-150.8125,27.55
0.6458,-150.6042,27.58
0.6458,-150.3958,27.68
0.6458,-150.1875,27.80
0.6458,-149.9792,27.80
0.6458,-149.7708,27.80
0.6458,-149.5625,27.62
0.6458,-149.3542,27.72
0.6458,-149.1458,27.72
0.6458,-148.9375,27.65
0.6458,-148.7292,27.62
0.6458,-148.5208,27.67
0.6458,-148.3125,27.52
0.6458,-148.1042,27.64
0.6458,-147.8958,27.71
0.6458,-147.6875,27.55
0.6458,-147.4792,27.59
0.6458,-147.2708,27.64
0.6458,-147.0625,27.62
0.6458,-146.8542,27.55
0.6458,-146.6458,27.56
0.6458,-146.4375,27.55
0.6458,-146.2292,27.56
0.6458,-146.0208,27.44
0.6458,-145.8125,27.30
0.6458,-145.6042,27.28
0.6458,-145.3958,27.33
0.6458,-145.1875,27.34
0.6458,-144.9792,27.36
0.6458,-144.7708,27.30
0.6458,-144.5625,27.25
0.6458,-144.3542,27.23
0.6458,-144.1458,27.30
0.6458,-143.9375,27.25
0.6458,-143.7292,27.30
0.6458,-143.5208,27.16
0.6458,-143.3125,27.24
0.6458,-143.1042,27.24
0.6458,-142.8958,27.20
0.6458,-142.6875,27.25
0.6458,-142.4792,27.15
0.6458,-142.2708,27.20
0.6458,-142.0625,27.07
0.6458,-141.8542,27.30
0.6458,-141.6458,27.22
0.6458,-141.4375,27.34
0.6458,-141.2292,27.36
0.6458,-141.0208,27.34
0.6458,-140.8125,27.32
0.6458,-140.6042,27.38
0.6458,-140.3958,27.22
0.6458,-140.1875,27.27
0.6458,-139.9792,27.30
0.6458,-139.7708,27.30
0.6458,-139.5625,27.30
0.6458,-139.3542,27.21
0.6458,-139.1458,27.30
0.6458,-138.9375,27.27
0.6458,-138.7292,27.43
0.6458,-138.5208,27.63
0.6458,-138.3125,27.55
0.6458,-138.1042,27.52
0.6458,-137.8958,27.43
0.6458,-137.6875,27.56
0.6458,-137.4792,27.52
0.6458,-137.2708,27.61
0.6458,-137.0625,27.59
0.6458,-136.8542,27.64
0.6458,-136.6458,27.47
0.6458,-136.4375,27.58
0.6458,-136.2292,27.39
0.6458,-136.0208,27.21
0.6458,-135.8125,27.10
0.6458,-135.6042,26.95
0.6458,-135.3958,26.96
0.6458,-135.1875,26.75
0.6458,-134.9792,26.70
0.6458,-134.7708,26.64
0.6458,-134.5625,26.50
0.6458,-134.3542,26.52
0.6458,-134.1458,26.43
0.6458,-133.9375,26.56
0.6458,-133.7292,26.49
0.6458,-133.5208,26.52
0.6458,-133.3125,26.73
0.6458,-133.1042,26.68
0.6458,-132.8958,26.58
0.6458,-132.6875,26.77
0.6458,-132.4792,26.71
0.6458,-132.2708,26.68
0.6458,-132.0625,26.70
0.6458,-131.8542,26.70
0.6458,-131.6458,26.66
0.6458,-131.4375,26.68
0.6458,-131.2292,26.65
0.6458,-131.0208,26.55
0.6458,-130.8125,26.49
0.6458,-130.6042,26.47
0.6458,-130.3958,26.51
0.6458,-130.1875,26.45
0.6458,-129.9792,26.37
0.6458,-129.7708,26.54
0.6458,-129.5625,26.49
0.6458,-129.3542,26.53
0.6458,-129.1458,26.49
0.6458,-128.9375,26.62
0.6458,-128.7292,26.59
0.6458,-128.5208,26.75
0.6458,-128.3125,26.81
0.6458,-128.1042,26.77
0.6458,-127.8958,26.79
0.6458,-127.6875,26.92
0.6458,-127.4792,26.87
0.6458,-127.2708,26.84
0.6458,-127.0625,26.78
0.6458,-126.8542,26.72
0.6458,-126.6458,26.72
0.6458,-126.4375,26.68
0.6458,-126.2292,26.45
0.6458,-126.0208,26.40
0.6458,-125.8125,26.41
0.6458,-125.6042,26.39
0.6458,-125.3958,26.30
0.6458,-125.1875,26.20
0.6458,-124.9792,26.21
0.6458,-124.7708,26.15
0.6458,-124.5625,26.11
0.6458,-124.3542,25.98
0.6458,-124.1458,25.96
0.6458,-123.9375,25.84
0.6458,-123.7292,25.88
0.6458,-123.5208,25.93
0.6458,-123.3125,25.89
0.6458,-123.1042,25.82
0.6458,-122.8958,25.95
0.6458,-122.6875,25.99
0.6458,-122.4792,25.99
0.6458,-122.2708,26.03
0.6458,-122.0625,25.95
0.6458,-121.8542,25.95
0.6458,-121.6458,25.96
0.6458,-121.4375,26.04
0.6458,-121.2292,25.84
0.6458,-121.0208,25.86
0.6458,-120.8125,25.86
0.6458,-120.6042,25.89
0.6458,-120.3958,25.89
0.6458,-120.1875,25.98
0.4375,-169.9792,28.18
0.4375,-169.7708,28.27
0.4375,-169.5625,28.29
0.4375,-169.3542,28.19
0.4375,-169.1458,28.23
0.4375,-168.9375,28.06
0.4375,-168.7292,28.27
0.4375,-168.5208,28.38
0.4375,-168.3125,28.31
0.4375,-168.1042,28.27
0.4375,-167.8958,28.39
0.4375,-167.6875,28.32
0.4375,-167.4792,28.27
0.4375,-167.2708,28.39
0.4375,-167.0625,28.35
0.4375,-166.8542,28.45
0.4375,-166.6458,28.32
0.4375,-166.4375,28.45
0.4375,-166.2292,28.38
0.4375,-166.0208,28.30
0.4375,-165.8125,28.32
0.4375,-165.6042,28.16
0.4375,-165.3958,28.21
0.4375,-165.1875,28.11
0.4375,-164.9792,27.96
0.4375,-164.7708,28.02
0.4375,-164.5625,27.97
0.4375,-164.3542,27.96
0.4375,-164.1458,27.88
0.4375,-163.9375,27.88
0.4375,-163.7292,27.97
0.4375,-163.5208,27.97
0.4375,-163.3125,28.06
0.4375,-163.1042,27.80
0.4375,-162.8958,28.01
0.4375,-162.6875,27.91
0.4375,-162.4792,27.88
0.4375,-162.2708,27.89
0.4375,-162.0625,27.70
0.4375,-161.8542,27.66
0.4375,-161.6458,27.78
0.4375,-161.4375,27.68
0.4375,-161.2292,27.64
0.4375,-161.0208,27.68
0.4375,-160.8125,27.75
0.4375,-160.6042,27.70
0.4375,-160.3958,27.75
0.4375,-160.1875,27.68
0.4375,-159.9792,27.84
0.4375,-159.7708,27.84
0.4375,-159.5625,27.71
0.4375,-159.3542,27.77
0.4375,-159.1458,27.82
0.4375,-158.9375,27.70
0.4375,-158.7292,27.74
0.4375,-158.5208,27.78
0.4375,-158.3125,27.75
0.4375,-158.1042,27.82
0.4375,-157.8958,27.71
0.4375,-157.6875,27.75
0.4375,-157.4792,27.66
0.4375,-157.2708,27.73
0.4375,-157.0625,27.65
0.4375,-156.8542,27.61
0.4375,-156.6458,27.64
0.4375,-156.4375,27.59
0.4375,-156.2292,27.66
0.4375,-156.0208,27.70
0.4375,-155.8125,27.70
0.4375,-155.6042,27.70
0.4375,-155.3958,27.71
0.4375,-155.1875,27.65
0.4375,-154.9792,27.65
0.4375,-154.7708,27.73
0.4375,-154.5625,27.75
0.4375,-154.3542,27.79
0.4375,-154.1458,27.71
0.4375,-153.9375,27.64
0.4375,-153.7292,27.70
0.4375,-153.5208,27.72
0.4375,-153.3125,27.74
0.4375,-153.1042,27.66
0.4375,-152.8958,27.70
0.4375,-152.6875,27.68
0.4375,-152.4792,27.62
0.4375,-152.2708,27.63
0.4375,-152.0625,27.59
0.4375,-151.8542,27.55
0.4375,-151.6458,27.50
0.4375,-151.4375,27.59
0.4375,-151.2292,27.59
0.4375,-151.0208,27.59
0.4375,-150.8125,27.62
0.4375,-150.6042,27.55
0.4375,-150.3958,27.48
0.4375,-150.1875,27.66
0.4375,-149.9792,27.64
0.4375,-149.7708,27.82
0.4375,-149.5625,27.73
0.4375,-149.3542,27.66
0.4375,-149.1458,27.73
0.4375,-148.9375,27.62
0.4375,-148.7292,27.61
0.4375,-148.5208,27.47
0.4375,-148.3125,27.52
0.4375,-148.1042,27.70
0.4375,-147.8958,27.53
0.4375,-147.6875,27.55
0.4375,-147.4792,27.55
0.4375,-147.2708,27.48
0.4375,-147.0625,27.49
0.4375,-146.8542,27.52
0.4375,-146.6458,27.40
0.4375,-146.4375,27.41
0.4375,-146.2292,27.40
0.4375,-146.0208,27.33
0.4375,-145.8125,27.37
0.4375,-145.6042,27.32
0.4375,-145.3958,27.21
0.4375,-145.1875,27.14
0.4375,-144.9792,27.26
0.4375,-144.7708,27.31
0.4375,-144.5625,27.38
0.4375,-144.3542,27.22
0.4375,-144.1458,27.40
0.4375,-143.9375,27.08
0.4375,-143.7292,27.29
0.4375,-143.5208,27.32
0.4375,-143.3125,27.36
0.4375,-143.1042,27.39
0.4375,-142.8958,27.21
0.4375,-142.6875,27.20
0.4375,-142.4792,27.29
0.4375,-142.2708,27.12
0.4375,-142.0625,27.18
0.4375,-141.8542,27.39
0.4375,-141.6458,27.43
0.4375,-141.4375,27.40
0.4375,-141.2292,27.34
0.4375,-141.0208,27.34
0.4375,-140.8125,27.31
0.4375,-140.6042,27.27
0.4375,-140.3958,27.32
0.4375,-140.1875,27.13
0.4375,-139.9792,27.12
0.4375,-139.7708,27.20
0.4375,-139.5625,27.15
0.4375,-139.3542,27.21
0.4375,-139.1458,27.15
0.4375,-138.9375,27.27
0.4375,-138.7292,27.34
0.4375,-138.5208,27.51
0.4375,-138.3125,27.45
0.4375,-138.1042,27.55
0.4375,-137.8958,27.48
0.4375,-137.6875,27.45
0.4375,-137.4792,27.38
0.4375,-137.2708,27.57
0.4375,-137.0625,27.52
0.4375,-136.8542,27.51
0.4375,-136.6458,27.48
0.4375,-136.4375,27.31
0.4375,-136.2292,27.20
0.4375,-136.0208,27.02
0.4375,-135.8125,26.90
0.4375,-135.6042,26.86
0.4375,-135.3958,26.89
0.4375,-135.1875,26.70
0.4375,-134.9792,26.56
0.4375,-134.7708,26.59
0.4375,-134.5625,26.48
0.4375,-134.3542,26.55
0.4375,-134.1458,26.55
0.4375,-133.9375,26.55
0.4375,-133.7292,26.49
0.4375,-133.5208,26.55
0.4375,-133.3125,26.77
0.4375,-133.1042,26.77
0.4375,-132.8958,26.70
0.4375,-132.6875,26.75
0.4375,-132.4792,26.70
0.4375,-132.2708,26.72
0.4375,-132.0625,26.77
0.4375,-131.8542,26.69
0.4375,-131.6458,26.61
0.4375,-131.4375,26.61
0.4375,-131.2292,26.61
0.4375,-131.0208,26.57
0.4375,-130.8125,26.58
0.4375,-130.6042,26.41
0.4375,-130.3958,26.40
0.4375,-130.1875,26.39
0.4375,-129.9792,26.38
0.4375,-129.7708,26.39
0.4375,-129.5625,26.49
0.4375,-129.3542,26.45
0.4375,-129.1458,26.47
0.4375,-128.9375,26.64
0.4375,-128.7292,26.58
0.4375,-128.5208,26.58
0.4375,-128.3125,26.62
0.4375,-128.1042,26.70
0.4375,-127.8958,26.61
0.4375,-127.6875,26.80
0.4375,-127.4792,26.74
0.4375,-127.2708,26.69
0.4375,-127.0625,26.56
0.4375,-126.8542,26.57
0.4375,-126.6458,26.65
0.4375,-126.4375,26.59
0.4375,-126.2292,26.38
0.4375,-126.0208,26.36
0.4375,-125.8125,26.22
0.4375,-125.6042,26.11
0.4375,-125.3958,26.09
0.4375,-125.1875,26.00
0.4375,-124.9792,26.07
0.4375,-124.7708,25.98
0.4375,-124.5625,25.93
0.4375,-124.3542,25.90
0.4375,-124.1458,25.91
0.4375,-123.9375,25.81
0.4375,-123.7292,25.83
0.4375,-123.5208,25.85
0.4375,-123.3125,25.86
0.4375,-123.1042,25.90
0.4375,-122.8958,25.90
0.4375,-122.6875,25.96
0.4375,-122.4792,26.03
0.4375,-122.2708,26.02
0.4375,-122.0625,26.11
0.4375,-121.8542,25.93
0.4375,-121.6458,26.02
0.4375,-121.4375,25.91
0.4375,-121.2292,25.82
0.4375,-121.0208,25.83
0.4375,-120.8125,25.80
0.4375,-120.6042,25.74
0.4375,-120.3958,25.76
0.4375,-120.1875,25.86
0.2292,-169.9792,28.22
0.2292,-169.7708,28.16
0.2292,-169.5625,28.08
0.2292,-169.3542,28.05
0.2292,-169.1458,28.20
0.2292,-168.9375,28.16
0.2292,-168.7292,28.27
0.2292,-168.5208,28.34
0.2292,-168.3125,28.29
0.2292,-168.1042,28.48
0.2292,-167.8958,28.46
0.2292,-167.6875,28.56
0.2292,-167.4792,28.46
0.2292,-167.2708,28.49
0.2292,-167.0625,28.45
0.2292,-166.8542,28.69
0.2292,-166.6458,28.59
0.2292,-166.4375,28.52
0.2292,-166.2292,28.41
0.2292,-166.0208,28.46
0.2292,-165.8125,28.32
0.2292,-165.6042,28.16
0.2292,-165.3958,28.16
0.2292,-165.1875,28.05
0.2292,-164.9792,28.14
0.2292,-164.7708,28.07
0.2292,-164.5625,27.96
0.2292,-164.3542,27.95
0.2292,-164.1458,27.96
0.2292,-163.9375,27.89
0.2292,-163.7292,27.81
0.2292,-163.5208,27.80
0.2292,-163.3125,27.80
0.2292,-163.1042,27.84
0.2292,-162.8958,27.91
0.2292,-162.6875,27.84
0.2292,-162.4792,27.88
0.2292,-162.2708,27.77
0.2292,-162.0625,27.81
0.2292,-161.8542,27.70
0.2292,-161.6458,27.73
0.2292,-161.4375,27.78
0.2292,-161.2292,27.70
0.2292,-161.0208,27.80
0.2292,-160.8125,27.73
0.2292,-160.6042,27.80
0.2292,-160.3958,27.80
0.2292,-160.1875,27.75
0.2292,-159.9792,27.75
0.2292,-159.7708,27.85
0.2292,-159.5625,27.74
0.2292,-159.3542,27.81
0.2292,-159.1458,27.80
0.2292,-158.9375,27.80
0.2292,-158.7292,27.79
0.2292,-158.5208,27.79
0.2292,-158.3125,27.87
0.2292,-158.1042,27.83
0.2292,-157.8958,27.77
0.2292,-157.6875,27.75
0.2292,-157.4792,27.78
0.2292,-157.2708,27.74
0.2292,-157.0625,27.66
0.2292,-156.8542,27.59
0.2292,-156.6458,27.62
0.2292,-156.4375,27.56
0.2292,-156.2292,27.60
0.2292,-156.0208,27.56
0.2292,-155.8125,27.63
0.2292,-155.6042,27.70
0.2292,-155.3958,27.73
0.2292,-155.1875,27.71
0.2292,-154.9792,27.74
0.2292,-154.7708,27.68
0.2292,-154.5625,27.64
0.2292,-154.3542,27.74
0.2292,-154.1458,27.65
0.2292,-153.9375,27.69
0.2292,-153.7292,27.60
0.2292,-153.5208,27.64
0.2292,-153.3125,27.68
0.2292,-153.1042,27.59
0.2292,-152.8958,27.60
0.2292,-152.6875,27.61
0.2292,-152.4792,27.64
0.2292,-152.2708,27.64
0.2292,-152.0625,27.59
0.2292,-151.8542,27.55
0.2292,-151.6458,27.47
0.2292,-151.4375,27.60
0.2292,-151.2292,27.49
0.2292,-151.0208,27.52
0.2292,-150.8125,27.55
0.2292,-150.6042,27.54
0.2292,-150.3958,27.56
0.2292,-150.1875,27.54
0.2292,-149.9792,27.69
0.2292,-149.7708,27.56
0.2292,-149.5625,27.57
0.2292,-149.3542,27.61
0.2292,-149.1458,27.68
0.2292,-148.9375,27.60
0.2292,-148.7292,27.56
0.2292,-148.5208,27.43
0.2292,-148.3125,27.57
0.2292,-148.1042,27.54
0.2292,-147.8958,27.52
0.2292,-147.6875,27.47
0.2292,-147.4792,27.52
0.2292,-147.2708,27.42
0.2292,-147.0625,27.45
0.2292,-146.8542,27.44
0.2292,-146.6458,27.39
0.2292,-146.4375,27.47
0.2292,-146.2292,27.43
0.2292,-146.0208,27.32
0.2292,-145.8125,27.30
0.2292,-145.6042,27.33
0.2292,-145.3958,27.27
0.2292,-145.1875,27.22
0.2292,-144.9792,27.20
0.2292,-144.7708,27.29
0.2292,-144.5625,27.26
0.2292,-144.3542,27.28
0.2292,-144.1458,27.30
0.2292,-143.9375,27.29
0.2292,-143.7292,27.39
0.2292,-143.5208,27.24
0.2292,-143.3125,27.35
0.2292,-143.1042,27.34
0.2292,-142.8958,27.47
0.2292,-142.6875,27.45
0.2292,-142.4792,27.22
0.2292,-142.2708,27.41
0.2292,-142.0625,27.24
0.2292,-141.8542,27.39
0.2292,-141.6458,27.34
0.2292,-141.4375,27.37
0.2292,-141.2292,27.22
0.2292,-141.0208,27.34
0.2292,-140.8125,27.16
0.2292,-140.6042,27.18
0.2292,-140.3958,27.27
0.2292,-140.1875,27.16
0.2292,-139.9792,27.23
0.2292,-139.7708,27.15
0.2292,-139.5625,27.06
0.2292,-139.3542,27.07
0.2292,-139.1458,27.09
0.2292,-138.9375,27.11
0.2292,-138.7292,27.16
0.2292,-138.5208,27.28
0.2292,-138.3125,27.39
0.2292,-138.1042,27.43
0.2292,-137.8958,27.36
0.2292,-137.6875,27.34
0.2292,-137.4792,27.27
0.2292,-137.2708,27.34
0.2292,-137.0625,27.29
0.2292,-136.8542,27.20
0.2292,-136.6458,27.26
0.2292,-136.4375,27.20
0.2292,-136.2292,27.06
0.2292,-136.0208,26.94
0.2292,-135.8125,26.89
0.2292,-135.6042,26.85
0.2292,-135.3958,26.80
0.2292,-135.1875,26.68
0.2292,-134.9792,26.53
0.2292,-134.7708,26.52
0.2292,-134.5625,26.61
0.2292,-134.3542,26.55
0.2292,-134.1458,26.43
0.2292,-133.9375,26.59
0.2292,-133.7292,26.43
0.2292,-133.5208,26.62
0.2292,-133.3125,26.75
0.2292,-133.1042,26.89
0.2292,-132.8958,26.82
0.2292,-132.6875,26.84
0.2292,-132.4792,26.83
0.2292,-132.2708,26.70
0.2292,-132.0625,26.75
0.2292,-131.8542,26.61
0.2292,-131.6458,26.65
0.2292,-131.4375,26.56
0.2292,-131.2292,26.65
0.2292,-131.0208,26.56
0.2292,-130.8125,26.50
0.2292,-130.6042,26.39
0.2292,-130.3958,26.39
0.2292,-130.1875,26.31
0.2292,-129.9792,26.35
0.2292,-129.7708,26.37
0.2292,-129.5625,26.45
0.2292,-129.3542,26.43
0.2292,-129.1458,26.48
0.2292,-128.9375,26.47
0.2292,-128.7292,26.50
0.2292,-128.5208,26.53
0.2292,-128.3125,26.43
0.2292,-128.1042,26.55
0.2292,-127.8958,26.50
0.2292,-127.6875,26.52
0.2292,-127.4792,26.61
0.2292,-127.2708,26.54
0.2292,-127.0625,26.40
0.2292,-126.8542,26.40
0.2292,-126.6458,26.46
0.2292,-126.4375,26.37
0.2292,-126.2292,26.30
0.2292,-126.0208,26.18
0.2292,-125.8125,26.12
0.2292,-125.6042,26.02
0.2292,-125.3958,25.91
0.2292,-125.1875,26.04
0.2292,-124.9792,26.03
0.2292,-124.7708,25.95
0.2292,-124.5625,25.94
0.2292,-124.3542,25.91
0.2292,-124.1458,25.81
0.2292,-123.9375,25.70
0.2292,-123.7292,25.77
0.2292,-123.5208,25.80
0.2292,-123.3125,25.77
0.2292,-123.1042,25.77
0.2292,-122.8958,25.87
0.2292,-122.6875,25.85
0.2292,-122.4792,25.90
0.2292,-122.2708,25.95
0.2292,-122.0625,26.07
0.2292,-121.8542,25.90
0.2292,-121.6458,25.73
0.2292,-121.4375,25.75
0.2292,-121.2292,25.74
0.2292,-121.0208,25.73
0.2292,-120.8125,25.77
0.2292,-120.6042,25.78
0.2292,-120.3958,25.79
0.2292,-120.1875,25.81
0.0208,-169.9792,28.16
0.0208,-169.7708,28.24
0.0208,-169.5625,28.24
0.0208,-169.3542,28.12
0.0208,-169.1458,28.27
0.0208,-168.9375,28.23
0.0208,-168.7292,28.45
0.0208,-168.5208,28.39
0.0208,-168.3125,28.46
0.0208,-168.1042,28.49
0.0208,-167.8958,28.44
0.0208,-167.6875,28.55
0.0208,-167.4792,28.58
0.0208,-167.2708,28.52
0.0208,-167.0625,28.68
0.0208,-166.8542,28.71
0.0208,-166.6458,28.68
0.0208,-166.4375,28.49
0.0208,-166.2292,28.42
0.0208,-166.0208,28.45
0.0208,-165.8125,28.32
0.0208,-165.6042,28.20
0.0208,-165.3958,28.21
0.0208,-165.1875,28.10
0.0208,-164.9792,28.10
0.0208,-164.7708,28.05
0.0208,-164.5625,28.00
0.0208,-164.3542,28.04
0.0208,-164.1458,27.90
0.0208,-163.9375,27.84
0.0208,-163.7292,27.99
0.0208,-163.5208,27.93
0.0208,-163.3125,27.87
0.0208,-163.1042,27.85
0.0208,-162.8958,27.99
0.0208,-162.6875,27.98
0.0208,-162.4792,27.93
0.0208,-162.2708,27.77
0.0208,-162.0625,27.74
0.0208,-161.8542,27.80
0.0208,-161.6458,27.80
0.0208,-161.4375,27.88
0.0208,-161.2292,27.76
0.0208,-161.0208,27.88
0.0208,-160.8125,27.88
0.0208,-160.6042,27.68
0.0208,-160.3958,27.69
0.0208,-160.1875,27.74
0.0208,-159.9792,27.74
0.0208,-159.7708,27.77
0.0208,-159.5625,27.84
0.0208,-159.3542,27.84
0.0208,-159.1458,27.76
0.0208,-158.9375,27.74
0.0208,-158.7292,27.80
0.0208,-158.5208,27.83
0.0208,-158.3125,27.77
0.0208,-158.1042,27.86
0.0208,-157.8958,27.75
0.0208,-157.6875,27.84
0.0208,-157.4792,27.81
0.0208,-157.2708,27.77
0.0208,-157.0625,27.72
0.0208,-156.8542,27.68
0.0208,-156.6458,27.70
0.0208,-156.4375,27.68
0.0208,-156.2292,27.62
0.0208,-156.0208,27.64
0.0208,-155.8125,27.70
0.0208,-155.6042,27.67
0.0208,-155.3958,27.61
0.0208,-155.1875,27.77
0.0208,-154.9792,27.74
0.0208,-154.7708,27.72
0.0208,-154.5625,27.77
0.0208,-154.3542,27.68
0.0208,-154.1458,27.67
0.0208,-153.9375,27.68
0.0208,-153.7292,27.68
0.0208,-153.5208,27.71
0.0208,-153.3125,27.60
0.0208,-153.1042,27.66
0.0208,-152.8958,27.64
0.0208,-152.6875,27.67
0.0208,-152.4792,27.75
0.0208,-152.2708,27.70
0.0208,-152.0625,27.61
0.0208,-151.8542,27.63
0.0208,-151.6458,27.68
0.0208,-151.4375,27.49
0.0208,-151.2292,27.56
0.0208,-151.0208,27.60
0.0208,-150.8125,27.55
0.0208,-150.6042,27.51
0.0208,-150.3958,27.55
0.0208,-150.1875,27.59
0.0208,-149.9792,27.62
0.0208,-149.7708,27.56
0.0208,-149.5625,27.59
0.0208,-149.3542,27.57
0.0208,-149.1458,27.55
0.0208,-148.9375,27.58
0.0208,-148.7292,27.55
0.0208,-148.5208,27.45
0.0208,-148.3125,27.55
0.0208,-148.1042,27.49
0.0208,-147.8958,27.45
0.0208,-147.6875,27.48
0.0208,-147.4792,27.55
0.0208,-147.2708,27.42
0.0208,-147.0625,27.39
0.0208,-146.8542,27.45
0.0208,-146.6458,27.39
0.0208,-146.4375,27.39
0.0208,-146.2292,27.36
0.0208,-146.0208,27.25
0.0208,-145.8125,27.22
0.0208,-145.6042,27.25
0.0208,-145.3958,27.26
0.0208,-145.1875,27.20
0.0208,-144.9792,27.15
0.0208,-144.7708,27.26
0.0208,-144.5625,27.25
0.0208,-144.3542,27.30
0.0208,-144.1458,27.45
0.0208,-143.9375,27.45
0.0208,-143.7292,27.36
0.0208,-143.5208,27.52
0.0208,-143.3125,27.47
0.0208,-143.1042,27.46
0.0208,-142.8958,27.54
0.0208,-142.6875,27.73
0.0208,-142.4792,27.25
0.0208,-142.2708,27.39
0.0208,-142.0625,27.15
0.0208,-141.8542,27.29
0.0208,-141.6458,27.38
0.0208,-141.4375,27.45
0.0208,-141.2292,27.39
0.0208,-141.0208,27.20
0.0208,-140.8125,27.15
0.0208,-140.6042,27.10
0.0208,-140.3958,27.14
0.0208,-140.1875,27.14
0.0208,-139.9792,27.18
0.0208,-139.7708,26.97
0.0208,-139.5625,27.01
0.0208,-139.3542,27.02
0.0208,-139.1458,26.99
0.0208,-138.9375,27.28
0.0208,-138.7292,27.14
0.0208,-138.5208,27.02
0.0208,-138.3125,27.15
0.0208,-138.1042,27.35
0.0208,-137.8958,27.26
0.0208,-137.6875,27.25
0.0208,-137.4792,27.15
0.0208,-137.2708,27.25
0.0208,-137.0625,27.21
0.0208,-136.8542,27.20
0.0208,-136.6458,27.13
0.0208,-136.4375,27.11
0.0208,-136.2292,27.17
0.0208,-136.0208,26.90
0.0208,-135.8125,26.93
0.0208,-135.6042,26.68
0.0208,-135.3958,26.64
0.0208,-135.1875,26.60
0.0208,-134.9792,26.62
0.0208,-134.7708,26.62
0.0208,-134.5625,26.59
0.0208,-134.3542,26.59
0.0208,-134.1458,26.52
0.0208,-133.9375,26.57
0.0208,-133.7292,26.64
0.0208,-133.5208,26.68
0.0208,-133.3125,26.80
0.0208,-133.1042,26.83
0.0208,-132.8958,26.84
0.0208,-132.6875,26.94
0.0208,-132.4792,26.84
0.0208,-132.2708,26.86
0.0208,-132.0625,26.74
0.0208,-131.8542,26.77
0.0208,-131.6458,26.71
0.0208,-131.4375,26.65
0.0208,-131.2292,26.68
0.0208,-131.0208,26.54
0.0208,-130.8125,26.61
0.0208,-130.6042,26.39
0.0208,-130.3958,26.27
0.0208,-130.1875,26.27
0.0208,-129.9792,26.34
0.0208,-129.7708,26.32
0.0208,-129.5625,26.34
0.0208,-129.3542,26.45
0.0208,-129.1458,26.34
0.0208,-128.9375,26.23
0.0208,-128.7292,26.36
0.0208,-128.5208,26.35
0.0208,-128.3125,26.32
0.0208,-128.1042,26.32
0.0208,-127.8958,26.40
0.0208,-127.6875,26.38
0.0208,-127.4792,26.36
0.0208,-127.2708,26.35
0.0208,-127.0625,26.32
0.0208,-126.8542,26.31
0.0208,-126.6458,26.29
0.0208,-126.4375,26.21
0.0208,-126.2292,26.14
0.0208,-126.0208,26.11
0.0208,-125.8125,26.11
0.0208,-125.6042,26.04
0.0208,-125.3958,25.96
0.0208,-125.1875,25.98
0.0208,-124.9792,25.93
0.0208,-124.7708,25.95
0.0208,-124.5625,25.91
0.0208,-124.3542,25.84
0.0208,-124.1458,25.85
0.0208,-123.9375,25.86
0.0208,-123.7292,25.80
0.0208,-123.5208,25.84
0.0208,-123.3125,25.83
0.0208,-123.1042,25.93
0.0208,-122.8958,25.93
0.0208,-122.6875,25.94
0.0208,-122.4792,25.92
0.0208,-122.2708,25.90
0.0208,-122.0625,25.88
0.0208,-121.8542,25.97
0.0208,-121.6458,25.77
0.0208,-121.4375,25.69
0.0208,-121.2292,25.65
0.0208,-121.0208,25.64
0.0208,-120.8125,25.67
0.0208,-120.6042,25.71
0.0208,-120.3958,25.75
0.0208,-120.1875,25.68
-0.1875,-169.9792,28.22
-0.1875,-169.7708,28.27
-0.1875,-169.5625,28.38
-0.1875,-169.3542,28.12
-0.1875,-169.1458,28.42
-0.1875,-168.9375,28.25
-0.1875,-168.7292,28.36
-0.1875,-168.5208,28.42
-0.1875,-168.3125,28.47
-0.1875,-168.1042,28.60
-0.1875,-167.8958,28.58
-0.1875,-167.6875,28.57
-0.1875,-167.4792,28.46
-0.1875,-167.2708,28.65
-0.1875,-167.0625,28.54
-0.1875,-166.8542,28.77
-0.1875,-166.6458,28.66
-0.1875,-166.4375,28.67
-0.1875,-166.2292,28.52
-0.1875,-166.0208,28.49
-0.1875,-165.8125,28.30
-0.1875,-165.6042,28.41
-0.1875,-165.3958,28.35
-0.1875,-165.1875,28.22
-0.1875,-164.9792,28.21
-0.1875,-164.7708,28.16
-0.1875,-164.5625,28.20
-0.1875,-164.3542,27.93
-0.1875,-164.1458,27.95
-0.1875,-163.9375,27.88
-0.1875,-163.7292,27.80
-0.1875,-163.5208,27.74
-0.1875,-163.3125,27.93
-0.1875,-163.1042,27.94
-0.1875,-162.8958,27.98
-0.1875,-162.6875,28.15
-0.1875,-162.4792,27.90
-0.1875,-162.2708,27.84
-0.1875,-162.0625,27.65
-0.1875,-161.8542,27.69
-0.1875,-161.6458,27.71
-0.1875,-161.4375,27.80
-0.1875,-161.2292,27.93
-0.1875,-161.0208,27.84
-0.1875,-160.8125,27.93
-0.1875,-160.6042,27.79
-0.1875,-160.3958,27.83
-0.1875,-160.1875,27.76
-0.1875,-159.9792,27.77
-0.1875,-159.7708,27.86
-0.1875,-159.5625,27.91
-0.1875,-159.3542,27.79
-0.1875,-159.1458,27.86
-0.1875,-158.9375,27.85
-0.1875,-158.7292,27.77
-0.1875,-158.5208,27.85
-0.1875,-158.3125,27.80
-0.1875,-158.1042,27.89
-0.1875,-157.8958,27.89
-0.1875,-157.6875,27.89
-0.1875,-157.4792,27.82
-0.1875,-157.2708,27.74
-0.1875,-157.0625,27.72
-0.1875,-156.8542,27.65
-0.1875,-156.6458,27.67
-0.1875,-156.4375,27.65
-0.1875,-156.2292,27.72
-0.1875,-156.0208,27.70
-0.1875,-155.8125,27.70
-0.1875,-155.6042,27.73
-0.1875,-155.3958,27.70
-0.1875,-155.1875,27.71
-0.1875,-154.9792,27.72
-0.1875,-154.7708,27.71
-0.1875,-154.5625,27.68
-0.1875,-154.3542,27.68
-0.1875,-154.1458,27.73
-0.1875,-153.9375,27.75
-0.1875,-153.7292,27.66
-0.1875,-153.5208,27.61
-0.1875,-153.3125,27.68
-0.1875,-153.1042,27.70
-0.1875,-152.8958,27.61
-0.1875,-152.6875,27.64
-0.1875,-152.4792,27.67
-0.1875,-152.2708,27.62
-0.1875,-152.0625,27.68
-0.1875,-151.8542,27.59
-0.1875,-151.6458,27.54
-0.1875,-151.4375,27.61
-0.1875,-151.2292,27.53
-0.1875,-151.0208,27.47
-0.1875,-150.8125,27.62
-0.1875,-150.6042,27.59
-0.1875,-150.3958,27.57
-0.1875,-150.1875,27.47
-0.1875,-149.9792,27.59
-0.1875,-149.7708,27.46
-0.1875,-149.5625,27.47
-0.1875,-149.3542,27.44
-0.1875,-149.1458,27.43
-0.1875,-148.9375,27.49
-0.1875,-148.7292,27.36
-0.1875,-148.5208,27.47
-0.1875,-148.3125,27.36
-0.1875,-148.1042,27.40
-0.1875,-147.8958,27.47
-0.1875,-147.6875,27.55
-0.1875,-147.4792,27.47
-0.1875,-147.2708,27.43
-0.1875,-147.0625,27.38
-0.1875,-146.8542,27.40
-0.1875,-146.6458,27.47
-0.1875,-146.4375,27.49
-0.1875,-146.2292,27.36
-0.1875,-146.0208,27.34
-0.1875,-145.8125,27.34
-0.1875,-145.6042,27.33
-0.1875,-145.3958,27.40
-0.1875,-145.1875,27.36
-0.1875,-144.9792,27.34
-0.1875,-144.7708,27.41
-0.1875,-144.5625,27.37
-0.1875,-144.3542,27.47
-0.1875,-144.1458,27.32
-0.1875,-143.9375,27.61
-0.1875,-143.7292,27.52
-0.1875,-143.5208,27.79
-0.1875,-143.3125,27.43
-0.1875,-143.1042,27.70
-0.1875,-142.8958,27.66
-0.1875,-142.6875,27.88
-0.1875,-142.4792,27.53
-0.1875,-142.2708,27.52
-0.1875,-142.0625,27.31
-0.1875,-141.8542,27.24
-0.1875,-141.6458,27.27
-0.1875,-141.4375,27.32
-0.1875,-141.2292,27.45
-0.1875,-141.0208,27.25
-0.1875,-140.8125,27.16
-0.1875,-140.6042,27.06
-0.1875,-140.3958,27.14
-0.1875,-140.1875,27.19
-0.1875,-139.9792,27.03
-0.1875,-139.7708,26.93
-0.1875,-139.5625,26.94
-0.1875,-139.3542,26.91
-0.1875,-139.1458,26.96
-0.1875,-138.9375,26.88
-0.1875,-138.7292,26.82
-0.1875,-138.5208,27.11
-0.1875,-138.3125,27.09
-0.1875,-138.1042,27.15
-0.1875,-137.8958,27.14
-0.1875,-137.6875,27.11
-0.1875,-137.4792,27.23
-0.1875,-137.2708,27.18
-0.1875,-137.0625,27.24
-0.1875,-136.8542,27.09
-0.1875,-136.6458,27.14
-0.1875,-136.4375,27.02
-0.1875,-136.2292,26.89
-0.1875,-136.0208,26.88
-0.1875,-135.8125,26.80
-0.1875,-135.6042,26.61
-0.1875,-135.3958,26.61
-0.1875,-135.1875,26.67
-0.1875,-134.9792,26.48
-0.1875,-134.7708,26.54
-0.1875,-134.5625,26.62
-0.1875,-134.3542,26.59
-0.1875,-134.1458,26.70
-0.1875,-133.9375,26.63
-0.1875,-133.7292,26.70
-0.1875,-133.5208,26.73
-0.1875,-133.3125,26.76
-0.1875,-133.1042,26.89
-0.1875,-132.8958,26.89
-0.1875,-132.6875,26.98
-0.1875,-132.4792,26.97
-0.1875,-132.2708,26.89
-0.1875,-132.0625,26.74
-0.1875,-131.8542,26.89
-0.1875,-131.6458,26.80
-0.1875,-131.4375,26.75
-0.1875,-131.2292,26.61
-0.1875,-131.0208,26.68
-0.1875,-130.8125,26.64
-0.1875,-130.6042,26.53
-0.1875,-130.3958,26.40
-0.1875,-130.1875,26.30
-0.1875,-129.9792,26.24
-0.1875,-129.7708,26.29
-0.1875,-129.5625,26.28
-0.1875,-129.3542,26.27
-0.1875,-129.1458,26.24
-0.1875,-128.9375,26.18
-0.1875,-128.7292,26.26
-0.1875,-128.5208,26.29
-0.1875,-128.3125,26.25
-0.1875,-128.1042,26.25
-0.1875,-127.8958,26.24
-0.1875,-127.6875,26.29
-0.1875,-127.4792,26.22
-0.1875,-127.2708,26.23
-0.1875,-127.0625,26.29
-0.1875,-126.8542,26.18
-0.1875,-126.6458,26.15
-0.1875,-126.4375,26.09
-0.1875,-126.2292,26.12
-0.1875,-126.0208,26.07
-0.1875,-125.8125,26.02
-0.1875,-125.6042,25.96
-0.1875,-125.3958,25.95
-0.1875,-125.1875,26.02
-0.1875,-124.9792,26.02
-0.1875,-124.7708,25.99
-0.1875,-124.5625,25.95
-0.1875,-124.3542,25.96
-0.1875,-124.1458,25.91
-0.1875,-123.9375,25.96
-0.1875,-123.7292,25.95
-0.1875,-123.5208,25.90
-0.1875,-123.3125,25.95
-0.1875,-123.1042,25.95
-0.1875,-122.8958,25.90
-0.1875,-122.6875,25.98
-0.1875,-122.4792,25.95
-0.1875,-122.2708,25.90
-0.1875,-122.0625,25.82
-0.1875,-121.8542,25.79
-0.1875,-121.6458,25.79
-0.1875,-121.4375,25.72
-0.1875,-121.2292,25.69
-0.1875,-121.0208,25.60
-0.1875,-120.8125,25.65
-0.1875,-120.6042,25.69
-0.1875,-120.3958,25.64
-0.1875,-120.1875,25.68
-0.3958,-169.9792,28.20
-0.3958,-169.7708,28.27
-0.3958,-169.5625,28.12
-0.3958,-169.3542,28.39
-0.3958,-169.1458,28.43
-0.3958,-168.9375,28.53
-0.3958,-168.7292,28.47
-0.3958,-168.5208,28.58
-0.3958,-168.3125,28.49
-0.3958,-168.1042,28.62
-0.3958,-167.8958,28.59
-0.3958,-167.6875,28.58
-0.3958,-167.4792,28.67
-0.3958,-167.2708,28.72
-0.3958,-167.0625,28.69
-0.3958,-166.8542,28.82
-0.3958,-166.6458,28.72
-0.3958,-166.4375,28.54
-0.3958,-166.2292,28.61
-0.3958,-166.0208,28.52
-0.3958,-165.8125,28.43
-0.3958,-165.6042,28.39
-0.3958,-165.3958,28.31
-0.3958,-165.1875,28.34
-0.3958,-164.9792,28.22
-0.3958,-164.7708,28.24
-0.3958,-164.5625,28.14
-0.3958,-164.3542,28.06
-0.3958,-164.1458,28.18
-0.3958,-163.9375,28.06
-0.3958,-163.7292,27.95
-0.3958,-163.5208,27.88
-0.3958,-163.3125,27.90
-0.3958,-163.1042,27.99
-0.3958,-162.8958,28.05
-0.3958,-162.6875,28.02
-0.3958,-162.4792,27.99
-0.3958,-162.2708,27.86
-0.3958,-162.0625,27.77
-0.3958,-161.8542,27.83
-0.3958,-161.6458,27.78
-0.3958,-161.4375,27.87
-0.3958,-161.2292,27.80
-0.3958,-161.0208,27.86
-0.3958,-160.8125,27.72
-0.3958,-160.6042,27.95
-0.3958,-160.3958,27.93
-0.3958,-160.1875,27.86
-0.3958,-159.9792,27.77
-0.3958,-159.7708,27.84
-0.3958,-159.5625,27.79
-0.3958,-159.3542,27.79
-0.3958,-159.1458,27.77
-0.3958,-158.9375,27.87
-0.3958,-158.7292,27.83
-0.3958,-158.5208,27.93
-0.3958,-158.3125,27.89
-0.3958,-158.1042,27.91
-0.3958,-157.8958,28.02
-0.3958,-157.6875,27.96
-0.3958,-157.4792,27.89
-0.3958,-157.2708,27.79
-0.3958,-157.0625,27.87
-0.3958,-156.8542,27.77
-0.3958,-156.6458,27.79
-0.3958,-156.4375,27.72
-0.3958,-156.2292,27.74
-0.3958,-156.0208,27.82
-0.3958,-155.8125,27.80
-0.3958,-155.6042,27.82
-0.3958,-155.3958,27.84
-0.3958,-155.1875,27.86
-0.3958,-154.9792,27.79
-0.3958,-154.7708,27.80
-0.3958,-154.5625,27.73
-0.3958,-154.3542,27.75
-0.3958,-154.1458,27.72
-0.3958,-153.9375,27.68
-0.3958,-153.7292,27.61
-0.3958,-153.5208,27.70
-0.3958,-153.3125,27.75
-0.3958,-153.1042,27.71
-0.3958,-152.8958,27.71
-0.3958,-152.6875,27.68
-0.3958,-152.4792,27.88
-0.3958,-152.2708,27.74
-0.3958,-152.0625,27.76
-0.3958,-151.8542,27.70
-0.3958,-151.6458,27.71
-0.3958,-151.4375,27.55
-0.3958,-151.2292,27.50
-0.3958,-151.0208,27.68
-0.3958,-150.8125,27.62
-0.3958,-150.6042,27.55
-0.3958,-150.3958,27.63
-0.3958,-150.1875,27.66
-0.3958,-149.9792,27.60
-0.3958,-149.7708,27.51
-0.3958,-149.5625,27.52
-0.3958,-149.3542,27.54
-0.3958,-149.1458,27.48
-0.3958,-148.9375,27.47
-0.3958,-148.7292,27.51
-0.3958,-148.5208,27.45
-0.3958,-148.3125,27.35
-0.3958,-148.1042,27.43
-0.3958,-147.8958,27.48
-0.3958,-147.6875,27.46
-0.3958,-147.4792,27.36
-0.3958,-147.2708,27.29
-0.3958,-147.0625,27.37
-0.3958,-146.8542,27.48
-0.3958,-146.6458,27.36
-0.3958,-146.4375,27.52
-0.3958,-146.2292,27.36
-0.3958,-146.0208,27.29
-0.3958,-145.8125,27.39
-0.3958,-145.6042,27.45
-0.3958,-145.3958,27.27
-0.3958,-145.1875,27.45
-0.3958,-144.9792,27.43
-0.3958,-144.7708,27.57
-0.3958,-144.5625,27.61
-0.3958,-144.3542,27.40
-0.3958,-144.1458,27.64
-0.3958,-143.9375,27.64
-0.3958,-143.7292,27.58
-0.3958,-143.5208,27.72
-0.3958,-143.3125,27.65
-0.3958,-143.1042,27.64
-0.3958,-142.8958,27.69
-0.3958,-142.6875,27.61
-0.3958,-142.4792,27.62
-0.3958,-142.2708,27.71
-0.3958,-142.0625,27.56
-0.3958,-141.8542,27.52
-0.3958,-141.6458,27.55
-0.3958,-141.4375,27.39
-0.3958,-141.2292,27.27
-0.3958,-141.0208,27.28
-0.3958,-140.8125,27.14
-0.3958,-140.6042,27.13
-0.3958,-140.3958,27.09
-0.3958,-140.1875,27.09
-0.3958,-139.9792,26.97
-0.3958,-139.7708,26.97
-0.3958,-139.5625,26.93
-0.3958,-139.3542,26.93
-0.3958,-139.1458,26.92
-0.3958,-138.9375,26.89
-0.3958,-138.7292,26.79
-0.3958,-138.5208,27.02
-0.3958,-138.3125,26.95
-0.3958,-138.1042,27.01
-0.3958,-137.8958,27.09
-0.3958,-137.6875,27.08
-0.3958,-137.4792,26.95
-0.3958,-137.2708,27.00
-0.3958,-137.0625,27.12
-0.3958,-136.8542,27.06
-0.3958,-136.6458,26.75
-0.3958,-136.4375,26.92
-0.3958,-136.2292,26.83
-0.3958,-136.0208,26.77
-0.3958,-135.8125,26.68
-0.3958,-135.6042,26.70
-0.3958,-135.3958,26.55
-0.3958,-135.1875,26.73
-0.3958,-134.9792,26.61
-0.3958,-134.7708,26.68
-0.3958,-134.5625,26.79
-0.3958,-134.3542,26.75
-0.3958,-134.1458,26.64
-0.3958,-133.9375,26.64
-0.3958,-133.7292,26.77
-0.3958,-133.5208,26.78
-0.3958,-133.3125,26.84
-0.3958,-133.1042,26.95
-0.3958,-132.8958,27.07
-0.3958,-132.6875,26.97
-0.3958,-132.4792,27.11
-0.3958,-132.2708,27.00
-0.3958,-132.0625,27.10
-0.3958,-131.8542,26.99
-0.3958,-131.6458,27.02
-0.3958,-131.4375,26.86
-0.3958,-131.2292,26.88
-0.3958,-131.0208,26.80
-0.3958,-130.8125,26.73
-0.3958,-130.6042,26.61
-0.3958,-130.3958,26.61
-0.3958,-130.1875,26.51
-0.3958,-129.9792,26.34
-0.3958,-129.7708,26.34
-0.3958,-129.5625,26.28
-0.3958,-129.3542,26.21
-0.3958,-129.1458,26.24
-0.3958,-128.9375,26.18
-0.3958,-128.7292,26.16
-0.3958,-128.5208,26.15
-0.3958,-128.3125,26.20
-0.3958,-128.1042,26.30
-0.3958,-127.8958,26.25
-0.3958,-127.6875,26.19
-0.3958,-127.4792,26.20
-0.3958,-127.2708,26.14
-0.3958,-127.0625,26.18
-0.3958,-126.8542,26.18
-0.3958,-126.6458,26.08
-0.3958,-126.4375,26.05
-0.3958,-126.2292,26.07
-0.3958,-126.0208,26.06
-0.3958,-125.8125,26.01
-0.3958,-125.6042,26.03
-0.3958,-125.3958,26.06
-0.3958,-125.1875,26.00
-0.3958,-124.9792,26.05
-0.3958,-124.7708,25.97
-0.3958,-124.5625,26.02
-0.3958,-124.3542,26.04
-0.3958,-124.1458,25.98
-0.3958,-123.9375,25.93
-0.3958,-123.7292,26.05
-0.3958,-123.5208,26.01
-0.3958,-123.3125,26.08
-0.3958,-123.1042,26.09
-0.3958,-122.8958,26.16
-0.3958,-122.6875,26.03
-0.3958,-122.4792,26.00
-0.3958,-122.2708,26.09
-0.3958,-122.0625,25.82
-0.3958,-121.8542,25.82
-0.3958,-121.6458,26.00
-0.3958,-121.4375,25.92
-0.3958,-121.2292,25.80
-0.3958,-121.0208,25.72
-0.3958,-120.8125,25.68
-0.3958,-120.6042,25.69
-0.3958,-120.3958,25.66
-0.3958,-120.1875,25.66
-0.6042,-169.9792,28.28
-0.6042,-169.7708,28.24
-0.6042,-169.5625,28.32
-0.6042,-169.3542,28.38
-0.6042,-169.1458,28.40
-0.6042,-168.9375,28.39
-0.6042,-168.7292,28.58
-0.6042,-168.5208,28.48
-0.6042,-168.3125,28.74
-0.6042,-168.1042,28.73
-0.6042,-167.8958,28.70
-0.6042,-167.6875,28.62
-0.6042,-167.4792,28.79
-0.6042,-167.2708,28.69
-0.6042,-167.0625,28.82
-0.6042,-166.8542,28.86
-0.6042,-166.6458,28.81
-0.6042,-166.4375,28.69
-0.6042,-166.2292,28.56
-0.6042,-166.0208,28.55
-0.6042,-165.8125,28.53
-0.6042,-165.6042,28.46
-0.6042,-165.3958,28.30
-0.6042,-165.1875,28.27
-0.6042,-164.9792,28.18
-0.6042,-164.7708,28.30
-0.6042,-164.5625,28.21
-0.6042,-164.3542,28.23
-0.6042,-164.1458,28.05
-0.6042,-163.9375,28.08
-0.6042,-163.7292,27.93
-0.6042,-163.5208,28.05
-0.6042,-163.3125,28.00
-0.6042,-163.1042,28.05
-0.6042,-162.8958,27.90
-0.6042,-162.6875,27.96
-0.6042,-162.4792,27.98
-0.6042,-162.2708,28.00
-0.6042,-162.0625,27.87
-0.6042,-161.8542,27.86
-0.6042,-161.6458,27.80
-0.6042,-161.4375,27.95
-0.6042,-161.2292,27.93
-0.6042,-161.0208,28.09
-0.6042,-160.8125,27.96
-0.6042,-160.6042,27.96
-0.6042,-160.3958,27.96
-0.6042,-160.1875,27.96
-0.6042,-159.9792,27.97
-0.6042,-159.7708,28.02
-0.6042,-159.5625,27.89
-0.6042,-159.3542,27.77
-0.6042,-159.1458,27.82
-0.6042,-158.9375,27.78
-0.6042,-158.7292,27.93
-0.6042,-158.5208,27.92
-0.6042,-158.3125,28.02
-0.6042,-158.1042,28.09
-0.6042,-157.8958,28.07
-0.6042,-157.6875,27.93
-0.6042,-157.4792,27.91
-0.6042,-157.2708,27.93
-0.6042,-157.0625,27.91
-0.6042,-156.8542,27.97
-0.6042,-156.6458,27.84
-0.6042,-156.4375,27.89
-0.6042,-156.2292,28.01
-0.6042,-156.0208,27.89
-0.6042,-155.8125,27.93
-0.6042,-155.6042,27.98
-0.6042,-155.3958,28.04
-0.6042,-155.1875,27.96
-0.6042,-154.9792,27.90
-0.6042,-154.7708,27.90
-0.6042,-154.5625,27.83
-0.6042,-154.3542,27.74
-0.6042,-154.1458,27.81
-0.6042,-153.9375,27.80
-0.6042,-153.7292,27.80
-0.6042,-153.5208,27.78
-0.6042,-153.3125,27.83
-0.6042,-153.1042,27.77
-0.6042,-152.8958,27.70
-0.6042,-152.6875,27.81
-0.6042,-152.4792,27.80
-0.6042,-152.2708,27.81
-0.6042,-152.0625,27.63
-0.6042,-151.8542,27.66
-0.6042,-151.6458,27.71
-0.6042,-151.4375,27.49
-0.6042,-151.2292,27.55
-0.6042,-151.0208,27.59
-0.6042,-150.8125,27.50
-0.6042,-150.6042,27.64
-0.6042,-150.3958,27.60
-0.6042,-150.1875,27.59
-0.6042,-149.9792,27.61
-0.6042,-149.7708,27.63
-0.6042,-149.5625,27.57
-0.6042,-149.3542,27.56
-0.6042,-149.1458,27.53
-0.6042,-148.9375,27.57
-0.6042,-148.7292,27.50
-0.6042,-148.5208,27.44
-0.6042,-148.3125,27.40
-0.6042,-148.1042,27.47
-0.6042,-147.8958,27.49
-0.6042,-147.6875,27.45
-0.6042,-147.4792,27.45
-0.6042,-147.2708,27.48
-0.6042,-147.0625,27.61
-0.6042,-146.8542,27.50
-0.6042,-146.6458,27.47
-0.6042,-146.4375,27.36
-0.6042,-146.2292,27.40
-0.6042,-146.0208,27.51
-0.6042,-145.8125,27.52
-0.6042,-145.6042,27.50
-0.6042,-145.3958,27.49
-0.6042,-145.1875,27.64
-0.6042,-144.9792,27.61
-0.6042,-144.7708,27.65
-0.6042,-144.5625,27.68
-0.6042,-144.3542,27.51
-0.6042,-144.1458,27.72
-0.6042,-143.9375,27.54
-0.6042,-143.7292,27.70
-0.6042,-143.5208,27.81
-0.6042,-143.3125,27.65
-0.6042,-143.1042,27.69
-0.6042,-142.8958,27.73
-0.6042,-142.6875,27.65
-0.6042,-142.4792,27.49
-0.6042,-142.2708,27.77
-0.6042,-142.0625,27.63
-0.6042,-141.8542,27.66
-0.6042,-141.6458,27.68
-0.6042,-141.4375,27.37
-0.6042,-141.2292,27.49
-0.6042,-141.0208,27.40
-0.6042,-140.8125,27.19
-0.6042,-140.6042,27.18
-0.6042,-140.3958,27.14
-0.6042,-140.1875,27.10
-0.6042,-139.9792,27.11
-0.6042,-139.7708,26.91
-0.6042,-139.5625,26.91
-0.6042,-139.3542,26.90
-0.6042,-139.1458,26.84
-0.6042,-138.9375,26.86
-0.6042,-138.7292,26.93
-0.6042,-138.5208,26.89
-0.6042,-138.3125,27.02
-0.6042,-138.1042,26.83
-0.6042,-137.8958,26.86
-0.6042,-137.6875,26.91
-0.6042,-137.4792,26.89
-0.6042,-137.2708,26.83
-0.6042,-137.0625,26.89
-0.6042,-136.8542,26.82
-0.6042,-136.6458,26.91
-0.6042,-136.4375,26.83
-0.6042,-136.2292,26.80
-0.6042,-136.0208,26.77
-0.6042,-135.8125,26.82
-0.6042,-135.6042,26.86
-0.6042,-135.3958,26.71
-0.6042,-135.1875,26.72
-0.6042,-134.9792,26.74
-0.6042,-134.7708,26.70
-0.6042,-134.5625,26.70
-0.6042,-134.3542,26.75
-0.6042,-134.1458,26.81
-0.6042,-133.9375,26.81
-0.6042,-133.7292,26.98
-0.6042,-133.5208,26.86
-0.6042,-133.3125,27.14
-0.6042,-133.1042,27.09
-0.6042,-132.8958,27.12
-0.6042,-132.6875,27.20
-0.6042,-132.4792,27.09
-0.6042,-132.2708,27.16
-0.6042,-132.0625,27.16
-0.6042,-131.8542,26.99
-0.6042,-131.6458,27.07
-0.6042,-131.4375,26.96
-0.6042,-131.2292,27.06
-0.6042,-131.0208,26.88
-0.6042,-130.8125,26.80
-0.6042,-130.6042,26.79
-0.6042,-130.3958,26.72
-0.6042,-130.1875,26.64
-0.6042,-129.9792,26.40
-0.6042,-129.7708,26.45
-0.6042,-129.5625,26.33
-0.6042,-129.3542,26.31
-0.6042,-129.1458,26.27
-0.6042,-128.9375,26.30
-0.6042,-128.7292,26.20
-0.6042,-128.5208,26.20
-0.6042,-128.3125,26.30
-0.6042,-128.1042,26.27
-0.6042,-127.8958,26.15
-0.6042,-127.6875,26.18
-0.6042,-127.4792,26.15
-0.6042,-127.2708,26.14
-0.6042,-127.0625,26.18
-0.6042,-126.8542,26.11
-0.6042,-126.6458,26.10
-0.6042,-126.4375,26.07
-0.6042,-126.2292,26.07
-0.6042,-126.0208,26.05
-0.6042,-125.8125,26.05
-0.6042,-125.6042,26.02
-0.6042,-125.3958,26.09
-0.6042,-125.1875,26.06
-0.6042,-124.9792,26.13
-0.6042,-124.7708,26.08
-0.6042,-124.5625,26.09
-0.6042,-124.3542,26.14
-0.6042,-124.1458,26.14
-0.6042,-123.9375,26.20
-0.6042,-123.7292,26.12
-0.6042,-123.5208,26.14
-0.6042,-123.3125,26.22
-0.6042,-123.1042,26.17
-0.6042,-122.8958,26.12
-0.6042,-122.6875,26.15
-0.6042,-122.4792,26.24
-0.6042,-122.2708,26.17
-0.6042,-122.0625,26.06
-0.6042,-121.8542,26.02
-0.6042,-121.6458,25.97
-0.6042,-121.4375,25.96
-0.6042,-121.2292,25.87
-0.6042,-121.0208,25.80
-0.6042,-120.8125,25.80
-0.6042,-120.6042,25.77
-0.6042,-120.3958,25.81
-0.6042,-120.1875,25.77
-0.8125,-169.9792,28.47
-0.8125,-169.7708,28.49
-0.8125,-169.5625,28.50
-0.8125,-169.3542,28.48
-0.8125,-169.1458,28.48
-0.8125,-168.9375,28.36
-0.8125,-168.7292,28.62
-0.8125,-168.5208,28.66
-0.8125,-168.3125,28.71
-0.8125,-168.1042,28.84
-0.8125,-167.8958,28.80
-0.8125,-167.6875,28.84
-0.8125,-167.4792,28.81
-0.8125,-167.2708,28.77
-0.8125,-167.0625,28.89
-0.8125,-166.8542,28.99
-0.8125,-166.6458,28.80
-0.8125,-166.4375,28.68
-0.8125,-166.2292,28.70
-0.8125,-166.0208,28.73
-0.8125,-165.8125,28.65
-0.8125,-165.6042,28.43
-0.8125,-165.3958,28.36
-0.8125,-165.1875,28.44
-0.8125,-164.9792,28.43
-0.8125,-164.7708,28.34
-0.8125,-164.5625,28.22
-0.8125,-164.3542,28.29
-0.8125,-164.1458,28.22
-0.8125,-163.9375,28.19
-0.8125,-163.7292,28.20
-0.8125,-163.5208,28.11
-0.8125,-163.3125,28.08
-0.8125,-163.1042,28.05
-0.8125,-162.8958,27.98
-0.8125,-162.6875,28.06
-0.8125,-162.4792,28.05
-0.8125,-162.2708,28.05
-0.8125,-162.0625,27.96
-0.8125,-161.8542,27.96
-0.8125,-161.6458,28.02
-0.8125,-161.4375,27.97
-0.8125,-161.2292,28.05
-0.8125,-161.0208,28.06
-0.8125,-160.8125,28.09
-0.8125,-160.6042,27.97
-0.8125,-160.3958,28.12
-0.8125,-160.1875,28.02
-0.8125,-159.9792,27.98
-0.8125,-159.7708,28.07
-0.8125,-159.5625,27.93
-0.8125,-159.3542,27.91
-0.8125,-159.1458,27.89
-0.8125,-158.9375,27.93
-0.8125,-158.7292,27.88
-0.8125,-158.5208,27.95
-0.8125,-158.3125,28.04
-0.8125,-158.1042,28.14
-0.8125,-157.8958,28.11
-0.8125,-157.6875,27.95
-0.8125,-157.4792,28.00
-0.8125,-157.2708,28.00
-0.8125,-157.0625,28.07
-0.8125,-156.8542,28.15
-0.8125,-156.6458,28.02
-0.8125,-156.4375,27.98
-0.8125,-156.2292,28.11
-0.8125,-156.0208,28.27
-0.8125,-155.8125,28.14
-0.8125,-155.6042,28.12
-0.8125,-155.3958,28.13
-0.8125,-155.1875,28.07
-0.8125,-154.9792,28.06
-0.8125,-154.7708,27.88
-0.8125,-154.5625,27.75
-0.8125,-154.3542,27.83
-0.8125,-154.1458,27.91
-0.8125,-153.9375,27.86
-0.8125,-153.7292,27.84
-0.8125,-153.5208,27.79
-0.8125,-153.3125,27.90
-0.8125,-153.1042,27.90
-0.8125,-152.8958,27.69
-0.8125,-152.6875,27.71
-0.8125,-152.4792,27.72
-0.8125,-152.2708,27.79
-0.8125,-152.0625,27.64
-0.8125,-151.8542,27.77
-0.8125,-151.6458,27.75
-0.8125,-151.4375,27.88
-0.8125,-151.2292,27.61
-0.8125,-151.0208,27.62
-0.8125,-150.8125,27.57
-0.8125,-150.6042,27.62
-0.8125,-150.3958,27.68
-0.8125,-150.1875,27.67
-0.8125,-149.9792,27.67
-0.8125,-149.7708,27.70
-0.8125,-149.5625,27.62
-0.8125,-149.3542,27.65
-0.8125,-149.1458,27.61
-0.8125,-148.9375,27.59
-0.8125,-148.7292,27.55
-0.8125,-148.5208,27.50
-0.8125,-148.3125,27.49
-0.8125,-148.1042,27.50
-0.8125,-147.8958,27.43
-0.8125,-147.6875,27.36
-0.8125,-147.4792,27.36
-0.8125,-147.2708,27.43
-0.8125,-147.0625,27.45
-0.8125,-146.8542,27.46
-0.8125,-146.6458,27.45
-0.8125,-146.4375,27.44
-0.8125,-146.2292,27.57
-0.8125,-146.0208,27.59
-0.8125,-145.8125,27.56
-0.8125,-145.6042,27.75
-0.8125,-145.3958,27.75
-0.8125,-145.1875,27.57
-0.8125,-144.9792,27.73
-0.8125,-144.7708,27.86
-0.8125,-144.5625,27.86
-0.8125,-144.3542,27.81
-0.8125,-144.1458,27.77
-0.8125,-143.9375,27.65
-0.8125,-143.7292,27.91
-0.8125,-143.5208,27.93
-0.8125,-143.3125,27.93
-0.8125,-143.1042,27.86
-0.8125,-142.8958,27.76
-0.8125,-142.6875,27.62
-0.8125,-142.4792,27.75
-0.8125,-142.2708,27.74
-0.8125,-142.0625,27.66
-0.8125,-141.8542,27.61
-0.8125,-141.6458,27.84
-0.8125,-141.4375,27.59
-0.8125,-141.2292,27.34
-0.8125,-141.0208,27.22
-0.8125,-140.8125,27.22
-0.8125,-140.6042,27.26
-0.8125,-140.3958,27.27
-0.8125,-140.1875,27.20
-0.8125,-139.9792,27.13
-0.8125,-139.7708,27.11
-0.8125,-139.5625,26.97
-0.8125,-139.3542,26.85
-0.8125,-139.1458,26.90
-0.8125,-138.9375,26.90
-0.8125,-138.7292,26.89
-0.8125,-138.5208,26.85
-0.8125,-138.3125,26.93
-0.8125,-138.1042,26.96
-0.8125,-137.8958,26.93
-0.8125,-137.6875,26.93
-0.8125,-137.4792,26.89
-0.8125,-137.2708,26.80
-0.8125,-137.0625,26.79
-0.8125,-136.8542,26.93
-0.8125,-136.6458,26.88
-0.8125,-136.4375,26.84
-0.8125,-136.2292,26.80
-0.8125,-136.0208,26.77
-0.8125,-135.8125,26.81
-0.8125,-135.6042,26.86
-0.8125,-135.3958,26.83
-0.8125,-135.1875,26.85
-0.8125,-134.9792,26.73
-0.8125,-134.7708,26.70
-0.8125,-134.5625,26.71
-0.8125,-134.3542,26.77
-0.8125,-134.1458,27.02
-0.8125,-133.9375,27.01
-0.8125,-133.7292,27.00
-0.8125,-133.5208,27.16
-0.8125,-133.3125,27.01
-0.8125,-133.1042,27.01
-0.8125,-132.8958,27.25
-0.8125,-132.6875,27.20
-0.8125,-132.4792,27.07
-0.8125,-132.2708,27.21
-0.8125,-132.0625,27.16
-0.8125,-131.8542,27.08
-0.8125,-131.6458,27.11
-0.8125,-131.4375,27.09
-0.8125,-131.2292,26.97
-0.8125,-131.0208,26.97
-0.8125,-130.8125,27.02
-0.8125,-130.6042,26.86
-0.8125,-130.3958,26.80
-0.8125,-130.1875,26.73
-0.8125,-129.9792,26.64
-0.8125,-129.7708,26.52
-0.8125,-129.5625,26.52
-0.8125,-129.3542,26.47
-0.8125,-129.1458,26.40
-0.8125,-128.9375,26.37
-0.8125,-128.7292,26.27
-0.8125,-128.5208,26.35
-0.8125,-128.3125,26.34
-0.8125,-128.1042,26.30
-0.8125,-127.8958,26.29
-0.8125,-127.6875,26.27
-0.8125,-127.4792,26.18
-0.8125,-127.2708,26.18
-0.8125,-127.0625,26.11
-0.8125,-126.8542,26.15
-0.8125,-126.6458,26.11
-0.8125,-126.4375,26.11
-0.8125,-126.2292,26.14
-0.8125,-126.0208,26.15
-0.8125,-125.8125,26.14
-0.8125,-125.6042,26.12
-0.8125,-125.3958,26.18
-0.8125,-125.1875,26.21
-0.8125,-124.9792,26.25
-0.8125,-124.7708,26.20
-0.8125,-124.5625,26.30
-0.8125,-124.3542,26.27
-0.8125,-124.1458,26.29
-0.8125,-123.9375,26.30
-0.8125,-123.7292,26.30
-0.8125,-123.5208,26.31
-0.8125,-123.3125,26.39
-0.8125,-123.1042,26.38
-0.8125,-122.8958,26.31
-0.8125,-122.6875,26.27
-0.8125,-122.4792,26.25
-0.8125,-122.2708,26.26
-0.8125,-122.0625,26.34
-0.8125,-121.8542,26.14
-0.8125,-121.6458,26.21
-0.8125,-121.4375,26.02
-0.8125,-121.2292,26.09
-0.8125,-121.0208,25.92
-0.8125,-120.8125,25.88
-0.8125,-120.6042,25.90
-0.8125,-120.3958,25.96
-0.8125,-120.1875,25.98
-1.0208,-169.9792,28.41
-1.0208,-169.7708,28.52
-1.0208,-169.5625,28.39
-1.0208,-169.3542,28.47
-1.0208,-169.1458,28.59
-1.0208,-168.9375,28.59
-1.0208,-168.7292,28.69
-1.0208,-168.5208,28.70
-1.0208,-168.3125,28.79
-1.0208,-168.1042,28.64
-1.0208,-167.8958,28.76
-1.0208,-167.6875,28.76
-1.0208,-167.4792,28.92
-1.0208,-167.2708,28.83
-1.0208,-167.0625,29.02
-1.0208,-166.8542,29.09
-1.0208,-166.6458,28.93
-1.0208,-166.4375,28.78
-1.0208,-166.2292,28.81
-1.0208,-166.0208,28.76
-1.0208,-165.8125,28.64
-1.0208,-165.6042,28.43
-1.0208,-165.3958,28.41
-1.0208,-165.1875,28.32
-1.0208,-164.9792,28.40
-1.0208,-164.7708,28.35
-1.0208,-164.5625,28.39
-1.0208,-164.3542,28.25
-1.0208,-164.1458,28.17
-1.0208,-163.9375,28.14
-1.0208,-163.7292,28.16
-1.0208,-163.5208,28.11
-1.0208,-163.3125,28.12
-1.0208,-163.1042,27.99
-1.0208,-162.8958,28.03
-1.0208,-162.6875,28.05
-1.0208,-162.4792,27.99
-1.0208,-162.2708,28.08
-1.0208,-162.0625,28.09
-1.0208,-161.8542,28.03
-1.0208,-161.6458,28.05
-1.0208,-161.4375,28.17
-1.0208,-161.2292,28.18
-1.0208,-161.0208,28.13
-1.0208,-160.8125,28.12
-1.0208,-160.6042,28.05
-1.0208,-160.3958,28.15
-1.0208,-160.1875,28.07
-1.0208,-159.9792,28.09
-1.0208,-159.7708,28.14
-1.0208,-159.5625,28.07
-1.0208,-159.3542,28.02
-1.0208,-159.1458,28.09
-1.0208,-158.9375,27.95
-1.0208,-158.7292,27.92
-1.0208,-158.5208,27.96
-1.0208,-158.3125,28.00
-1.0208,-158.1042,28.02
-1.0208,-157.8958,27.96
-1.0208,-157.6875,28.04
-1.0208,-157.4792,28.08
-1.0208,-157.2708,28.16
-1.0208,-157.0625,28.19
-1.0208,-156.8542,28.22
-1.0208,-156.6458,28.31
-1.0208,-156.4375,28.35
-1.0208,-156.2292,28.44
-1.0208,-156.0208,28.48
-1.0208,-155.8125,28.36
-1.0208,-155.6042,28.27
-1.0208,-155.3958,28.24
-1.0208,-155.1875,28.09
-1.0208,-154.9792,28.02
-1.0208,-154.7708,27.85
-1.0208,-154.5625,27.96
-1.0208,-154.3542,28.07
-1.0208,-154.1458,27.96
-1.0208,-153.9375,28.03
-1.0208,-153.7292,28.10
-1.0208,-153.5208,27.87
-1.0208,-153.3125,27.97
-1.0208,-153.1042,28.04
-1.0208,-152.8958,27.89
-1.0208,-152.6875,27.77
-1.0208,-152.4792,27.73
-1.0208,-152.2708,27.74
-1.0208,-152.0625,27.77
-1.0208,-151.8542,27.86
-1.0208,-151.6458,27.77
-1.0208,-151.4375,27.81
-1.0208,-151.2292,27.91
-1.0208,-151.0208,27.96
-1.0208,-150.8125,27.81
-1.0208,-150.6042,27.80
-1.0208,-150.3958,27.93
-1.0208,-150.1875,27.81
-1.0208,-149.9792,27.71
-1.0208,-149.7708,27.76
-1.0208,-149.5625,27.79
-1.0208,-149.3542,27.68
-1.0208,-149.1458,27.68
-1.0208,-148.9375,27.65
-1.0208,-148.7292,27.59
-1.0208,-148.5208,27.61
-1.0208,-148.3125,27.54
-1.0208,-148.1042,27.44
-1.0208,-147.8958,27.51
-1.0208,-147.6875,27.52
-1.0208,-147.4792,27.46
-1.0208,-147.2708,27.52
-1.0208,-147.0625,27.55
-1.0208,-146.8542,27.52
-1.0208,-146.6458,27.49
-1.0208,-146.4375,27.57
-1.0208,-146.2292,27.65
-1.0208,-146.0208,27.68
-1.0208,-145.8125,27.62
-1.0208,-145.6042,27.84
-1.0208,-145.3958,27.84
-1.0208,-145.1875,27.80
-1.0208,-144.9792,27.99
-1.0208,-144.7708,27.97
-1.0208,-144.5625,27.89
-1.0208,-144.3542,27.95
-1.0208,-144.1458,27.88
-1.0208,-143.9375,27.93
-1.0208,-143.7292,28.07
-1.0208,-143.5208,28.06
-1.0208,-143.3125,27.95
-1.0208,-143.1042,27.95
-1.0208,-142.8958,27.80
-1.0208,-142.6875,27.86
-1.0208,-142.4792,27.77
-1.0208,-142.2708,27.82
-1.0208,-142.0625,27.83
-1.0208,-141.8542,27.65
-1.0208,-141.6458,27.60
-1.0208,-141.4375,27.59
-1.0208,-141.2292,27.41
-1.0208,-141.0208,27.45
-1.0208,-140.8125,27.39
-1.0208,-140.6042,27.38
-1.0208,-140.3958,27.34
-1.0208,-140.1875,27.26
-1.0208,-139.9792,27.25
-1.0208,-139.7708,27.21
-1.0208,-139.5625,27.16
-1.0208,-139.3542,27.05
-1.0208,-139.1458,26.98
-1.0208,-138.9375,26.95
-1.0208,-138.7292,26.88
-1.0208,-138.5208,27.00
-1.0208,-138.3125,26.92
-1.0208,-138.1042,27.02
-1.0208,-137.8958,26.98
-1.0208,-137.6875,26.94
-1.0208,-137.4792,26.95
-1.0208,-137.2708,26.84
-1.0208,-137.0625,26.89
-1.0208,-136.8542,26.80
-1.0208,-136.6458,26.98
-1.0208,-136.4375,26.81
-1.0208,-136.2292,26.77
-1.0208,-136.0208,26.80
-1.0208,-135.8125,26.77
-1.0208,-135.6042,26.89
-1.0208,-135.3958,26.86
-1.0208,-135.1875,26.95
-1.0208,-134.9792,26.85
-1.0208,-134.7708,26.86
-1.0208,-134.5625,26.81
-1.0208,-134.3542,26.93
-1.0208,-134.1458,27.06
-1.0208,-133.9375,26.98
-1.0208,-133.7292,27.00
-1.0208,-133.5208,27.06
-1.0208,-133.3125,27.20
-1.0208,-133.1042,27.54
-1.0208,-132.8958,27.38
-1.0208,-132.6875,27.23
-1.0208,-132.4792,27.30
-1.0208,-132.2708,27.36
-1.0208,-132.0625,27.28
-1.0208,-131.8542,27.14
-1.0208,-131.6458,27.20
-1.0208,-131.4375,27.21
-1.0208,-131.2292,27.15
-1.0208,-131.0208,27.06
-1.0208,-130.8125,27.15
-1.0208,-130.6042,27.06
-1.0208,-130.3958,26.99
-1.0208,-130.1875,26.93
-1.0208,-129.9792,26.84
-1.0208,-129.7708,26.80
-1.0208,-129.5625,26.66
-1.0208,-129.3542,26.61
-1.0208,-129.1458,26.48
-1.0208,-128.9375,26.55
-1.0208,-128.7292,26.43
-1.0208,-128.5208,26.41
-1.0208,-128.3125,26.36
-1.0208,-128.1042,26.34
-1.0208,-127.8958,26.44
-1.0208,-127.6875,26.36
-1.0208,-127.4792,26.32
-1.0208,-127.2708,26.27
-1.0208,-127.0625,26.32
-1.0208,-126.8542,26.29
-1.0208,-126.6458,26.25
-1.0208,-126.4375,26.20
-1.0208,-126.2292,26.24
-1.0208,-126.0208,26.28
-1.0208,-125.8125,26.29
-1.0208,-125.6042,26.14
-1.0208,-125.3958,26.35
-1.0208,-125.1875,26.29
-1.0208,-124.9792,26.21
-1.0208,-124.7708,26.32
-1.0208,-124.5625,26.37
-1.0208,-124.3542,26.43
-1.0208,-124.1458,26.43
-1.0208,-123.9375,26.42
-1.0208,-123.7292,26.48
-1.0208,-123.5208,26.49
-1.0208,-123.3125,26.50
-1.0208,-123.1042,26.42
-1.0208,-122.8958,26.39
-1.0208,-122.6875,26.39
-1.0208,-122.4792,26.34
-1.0208,-122.2708,26.45
-1.0208,-122.0625,26.40
-1.0208,-121.8542,26.45
-1.0208,-121.6458,26.27
-1.0208,-121.4375,26.25
-1.0208,-121.2292,26.20
-1.0208,-121.0208,26.17
-1.0208,-120.8125,26.00
-1.0208,-120.6042,26.04
-1.0208,-120.3958,26.19
-1.0208,-120.1875,25.95
-1.2292,-169.9792,28.52
-1.2292,-169.7708,28.59
-1.2292,-169.5625,28.51
-1.2292,-169.3542,28.61
-1.2292,-169.1458,28.50
-1.2292,-168.9375,28.50
-1.2292,-168.7292,28.67
-1.2292,-168.5208,28.64
-1.2292,-168.3125,28.73
-1.2292,-168.1042,28.74
-1.2292,-167.8958,28.82
-1.2292,-167.6875,28.99
-1.2292,-167.4792,28.90
-1.2292,-167.2708,28.78
-1.2292,-167.0625,29.00
-1.2292,-166.8542,28.91
-1.2292,-166.6458,28.93
-1.2292,-166.4375,28.82
-1.2292,-166.2292,28.89
-1.2292,-166.0208,28.80
-1.2292,-165.8125,28.78
-1.2292,-165.6042,28.84
-1.2292,-165.3958,28.59
-1.2292,-165.1875,28.50
-1.2292,-164.9792,28.43
-1.2292,-164.7708,28.50
-1.2292,-164.5625,28.31
-1.2292,-164.3542,28.29
-1.2292,-164.1458,28.14
-1.2292,-163.9375,28.18
-1.2292,-163.7292,28.18
-1.2292,-163.5208,28.12
-1.2292,-163.3125,28.12
-1.2292,-163.1042,28.16
-1.2292,-162.8958,28.16
-1.2292,-162.6875,28.09
-1.2292,-162.4792,28.21
-1.2292,-162.2708,28.15
-1.2292,-162.0625,28.04
-1.2292,-161.8542,28.12
-1.2292,-161.6458,28.13
-1.2292,-161.4375,28.04
-1.2292,-161.2292,28.05
-1.2292,-161.0208,28.14
-1.2292,-160.8125,28.12
-1.2292,-160.6042,28.19
-1.2292,-160.3958,28.12
-1.2292,-160.1875,28.07
-1.2292,-159.9792,28.12
-1.2292,-159.7708,28.12
-1.2292,-159.5625,28.14
-1.2292,-159.3542,28.14
-1.2292,-159.1458,28.10
-1.2292,-158.9375,27.97
-1.2292,-158.7292,27.95
-1.2292,-158.5208,27.97
-1.2292,-158.3125,28.04
-1.2292,-158.1042,28.05
-1.2292,-157.8958,28.07
-1.2292,-157.6875,28.05
-1.2292,-157.4792,28.16
-1.2292,-157.2708,28.30
-1.2292,-157.0625,28.22
-1.2292,-156.8542,28.36
-1.2292,-156.6458,28.49
-1.2292,-156.4375,28.36
-1.2292,-156.2292,28.50
-1.2292,-156.0208,28.63
-1.2292,-155.8125,28.70
-1.2292,-155.6042,28.55
-1.2292,-155.3958,28.48
-1.2292,-155.1875,28.39
-1.2292,-154.9792,28.20
-1.2292,-154.7708,28.05
-1.2292,-154.5625,28.09
-1.2292,-154.3542,27.90
-1.2292,-154.1458,28.14
-1.2292,-153.9375,28.02
-1.2292,-153.7292,28.02
-1.2292,-153.5208,28.07
-1.2292,-153.3125,27.98
-1.2292,-153.1042,27.86
-1.2292,-152.8958,27.96
-1.2292,-152.6875,27.84
-1.2292,-152.4792,27.98
-1.2292,-152.2708,27.84
-1.2292,-152.0625,27.94
-1.2292,-151.8542,27.95
-1.2292,-151.6458,27.93
-1.2292,-151.4375,27.98
-1.2292,-151.2292,28.05
-1.2292,-151.0208,28.09
-1.2292,-150.8125,28.16
-1.2292,-150.6042,28.05
-1.2292,-150.3958,27.95
-1.2292,-150.1875,27.95
-1.2292,-149.9792,27.88
-1.2292,-149.7708,27.95
-1.2292,-149.5625,27.86
-1.2292,-149.3542,27.80
-1.2292,-149.1458,27.74
-1.2292,-148.9375,27.73
-1.2292,-148.7292,27.61
-1.2292,-148.5208,27.68
-1.2292,-148.3125,27.51
-1.2292,-148.1042,27.55
-1.2292,-147.8958,27.50
-1.2292,-147.6875,27.55
-1.2292,-147.4792,27.59
-1.2292,-147.2708,27.59
-1.2292,-147.0625,27.61
-1.2292,-146.8542,27.45
-1.2292,-146.6458,27.50
-1.2292,-146.4375,27.51
-1.2292,-146.2292,27.46
-1.2292,-146.0208,27.79
-1.2292,-145.8125,27.77
-1.2292,-145.6042,27.86
-1.2292,-145.3958,27.93
-1.2292,-145.1875,27.95
-1.2292,-144.9792,27.99
-1.2292,-144.7708,28.07
-1.2292,-144.5625,28.05
-1.2292,-144.3542,28.18
-1.2292,-144.1458,28.17
-1.2292,-143.9375,28.12
-1.2292,-143.7292,28.20
-1.2292,-143.5208,28.09
-1.2292,-143.3125,28.06
-1.2292,-143.1042,27.97
-1.2292,-142.8958,28.05
-1.2292,-142.6875,28.00
-1.2292,-142.4792,27.98
-1.2292,-142.2708,27.90
-1.2292,-142.0625,27.87
-1.2292,-141.8542,27.75
-1.2292,-141.6458,27.75
-1.2292,-141.4375,27.64
-1.2292,-141.2292,27.58
-1.2292,-141.0208,27.44
-1.2292,-140.8125,27.39
-1.2292,-140.6042,27.49
-1.2292,-140.3958,27.35
-1.2292,-140.1875,27.30
-1.2292,-139.9792,27.27
-1.2292,-139.7708,27.34
-1.2292,-139.5625,27.22
-1.2292,-139.3542,27.11
-1.2292,-139.1458,27.10
-1.2292,-138.9375,27.05
-1.2292,-138.7292,26.98
-1.2292,-138.5208,26.95
-1.2292,-138.3125,27.02
-1.2292,-138.1042,26.93
-1.2292,-137.8958,26.98
-1.2292,-137.6875,26.89
-1.2292,-137.4792,26.99
-1.2292,-137.2708,26.96
-1.2292,-137.0625,26.89
-1.2292,-136.8542,26.82
-1.2292,-136.6458,27.00
-1.2292,-136.4375,26.97
-1.2292,-136.2292,26.79
-1.2292,-136.0208,26.87
-1.2292,-135.8125,26.91
-1.2292,-135.6042,26.96
-1.2292,-135.3958,26.96
-1.2292,-135.1875,26.95
-1.2292,-134.9792,27.02
-1.2292,-134.7708,26.90
-1.2292,-134.5625,27.03
-1.2292,-134.3542,26.89
-1.2292,-134.1458,26.98
-1.2292,-133.9375,27.09
-1.2292,-133.7292,27.06
-1.2292,-133.5208,27.22
-1.2292,-133.3125,27.31
-1.2292,-133.1042,27.18
-1.2292,-132.8958,27.18
-1.2292,-132.6875,27.38
-1.2292,-132.4792,27.14
-1.2292,-132.2708,27.12
-1.2292,-132.0625,27.34
-1.2292,-131.8542,27.22
-1.2292,-131.6458,27.36
-1.2292,-131.4375,27.27
-1.2292,-131.2292,27.28
-1.2292,-131.0208,27.25
-1.2292,-130.8125,27.34
-1.2292,-130.6042,27.15
-1.2292,-130.3958,27.12
-1.2292,-130.1875,27.00
-1.2292,-129.9792,26.90
-1.2292,-129.7708,26.85
-1.2292,-129.5625,26.75
-1.2292,-129.3542,26.84
-1.2292,-129.1458,26.74
-1.2292,-128.9375,26.79
-1.2292,-128.7292,26.65
-1.2292,-128.5208,26.57
-1.2292,-128.3125,26.50
-1.2292,-128.1042,26.52
-1.2292,-127.8958,26.48
-1.2292,-127.6875,26.41
-1.2292,-127.4792,26.34
-1.2292,-127.2708,26.34
-1.2292,-127.0625,26.30
-1.2292,-126.8542,26.44
-1.2292,-126.6458,26.32
-1.2292,-126.4375,26.34
-1.2292,-126.2292,26.38
-1.2292,-126.0208,26.41
-1.2292,-125.8125,26.41
-1.2292,-125.6042,26.33
-1.2292,-125.3958,26.36
-1.2292,-125.1875,26.41
-1.2292,-124.9792,26.45
-1.2292,-124.7708,26.50
-1.2292,-124.5625,26.52
-1.2292,-124.3542,26.59
-1.2292,-124.1458,26.57
-1.2292,-123.9375,26.53
-1.2292,-123.7292,26.57
-1.2292,-123.5208,26.61
-1.2292,-123.3125,26.55
-1.2292,-123.1042,26.50
-1.2292,-122.8958,26.56
-1.2292,-122.6875,26.61
-1.2292,-122.4792,26.52
-1.2292,-122.2708,26.58
-1.2292,-122.0625,26.52
-1.2292,-121.8542,26.43
-1.2292,-121.6458,26.47
-1.2292,-121.4375,26.31
-1.2292,-121.2292,26.30
-1.2292,-121.0208,26.34
-1.2292,-120.8125,26.20
-1.2292,-120.6042,26.31
-1.2292,-120.3958,26.21
-1.2292,-120.1875,26.21
-1.4375,-169.9792,28.56
-1.4375,-169.7708,28.52
-1.4375,-169.5625,28.56
-1.4375,-169.3542,28.55
-1.4375,-169.1458,28.55
-1.4375,-168.9375,28.62
-1.4375,-168.7292,28.62
-1.4375,-168.5208,28.68
-1.4375,-168.3125,28.79
-1.4375,-168.1042,28.93
-1.4375,-167.8958,28.83
-1.4375,-167.6875,28.84
-1.4375,-167.4792,28.95
-1.4375,-167.2708,28.84
-1.4375,-167.0625,29.02
-1.4375,-166.8542,29.04
-1.4375,-166.6458,29.13
-1.4375,-166.4375,28.95
-1.4375,-166.2292,28.93
-1.4375,-166.0208,28.77
-1.4375,-165.8125,28.75
-1.4375,-165.6042,28.86
-1.4375,-165.3958,28.79
-1.4375,-165.1875,28.74
-1.4375,-164.9792,28.64
-1.4375,-164.7708,28.48
-1.4375,-164.5625,28.48
-1.4375,-164.3542,28.36
-1.4375,-164.1458,28.23
-1.4375,-163.9375,28.11
-1.4375,-163.7292,28.12
-1.4375,-163.5208,28.05
-1.4375,-163.3125,28.15
-1.4375,-163.1042,28.16
-1.4375,-162.8958,28.18
-1.4375,-162.6875,28.18
-1.4375,-162.4792,28.23
-1.4375,-162.2708,28.17
-1.4375,-162.0625,28.27
-1.4375,-161.8542,28.12
-1.4375,-161.6458,28.18
-1.4375,-161.4375,28.24
-1.4375,-161.2292,28.17
-1.4375,-161.0208,28.09
-1.4375,-160.8125,28.21
-1.4375,-160.6042,28.19
-1.4375,-160.3958,28.17
-1.4375,-160.1875,28.07
-1.4375,-159.9792,28.07
-1.4375,-159.7708,28.10
-1.4375,-159.5625,28.15
-1.4375,-159.3542,28.15
-1.4375,-159.1458,27.99
-1.4375,-158.9375,28.08
-1.4375,-158.7292,28.07
-1.4375,-158.5208,28.12
-1.4375,-158.3125,28.10
-1.4375,-158.1042,28.11
-1.4375,-157.8958,28.20
-1.4375,-157.6875,28.30
-1.4375,-157.4792,28.30
-1.4375,-157.2708,28.54
-1.4375,-157.0625,28.47
-1.4375,-156.8542,28.59
-1.4375,-156.6458,28.73
-1.4375,-156.4375,28.52
-1.4375,-156.2292,28.54
-1.4375,-156.0208,28.61
-1.4375,-155.8125,28.86
-1.4375,-155.6042,28.69
-1.4375,-155.3958,28.59
-1.4375,-155.1875,28.59
-1.4375,-154.9792,28.48
-1.4375,-154.7708,28.30
-1.4375,-154.5625,28.26
-1.4375,-154.3542,28.20
-1.4375,-154.1458,28.22
-1.4375,-153.9375,27.97
-1.4375,-153.7292,28.05
-1.4375,-153.5208,28.06
-1.4375,-153.3125,28.15
-1.4375,-153.1042,28.04
-1.4375,-152.8958,27.98
-1.4375,-152.6875,28.10
-1.4375,-152.4792,28.07
-1.4375,-152.2708,28.08
-1.4375,-152.0625,27.96
-1.4375,-151.8542,27.96
-1.4375,-151.6458,27.98
-1.4375,-151.4375,28.12
-1.4375,-151.2292,28.15
-1.4375,-151.0208,28.25
-1.4375,-150.8125,28.16
-1.4375,-150.6042,28.17
-1.4375,-150.3958,28.16
-1.4375,-150.1875,28.11
-1.4375,-149.9792,27.98
-1.4375,-149.7708,28.07
-1.4375,-149.5625,28.09
-1.4375,-149.3542,28.01
-1.4375,-149.1458,27.89
-1.4375,-148.9375,27.77
-1.4375,-148.7292,27.76
-1.4375,-148.5208,27.66
-1.4375,-148.3125,27.56
-1.4375,-148.1042,27.57
-1.4375,-147.8958,27.52
-1.4375,-147.6875,27.52
-1.4375,-147.4792,27.66
-1.4375,-147.2708,27.60
-1.4375,-147.0625,27.55
-1.4375,-146.8542,27.58
-1.4375,-146.6458,27.55
-1.4375,-146.4375,27.59
-1.4375,-146.2292,27.68
-1.4375,-146.0208,27.82
-1.4375,-145.8125,27.73
-1.4375,-145.6042,27.98
-1.4375,-145.3958,27.95
-1.4375,-145.1875,28.05
-1.4375,-144.9792,27.89
-1.4375,-144.7708,28.00
-1.4375,-144.5625,28.00
-1.4375,-144.3542,28.09
-1.4375,-144.1458,28.25
-1.4375,-143.9375,28.27
-1.4375,-143.7292,28.34
-1.4375,-143.5208,28.22
-1.4375,-143.3125,28.18
-1.4375,-143.1042,28.04
-1.4375,-142.8958,27.98
-1.4375,-142.6875,27.92
-1.4375,-142.4792,27.88
-1.4375,-142.2708,27.84
-1.4375,-142.0625,27.82
-1.4375,-141.8542,27.71
-1.4375,-141.6458,27.75
-1.4375,-141.4375,27.72
-1.4375,-141.2292,27.64
-1.4375,-141.0208,27.50
-1.4375,-140.8125,27.48
-1.4375,-140.6042,27.43
-1.4375,-140.3958,27.37
-1.4375,-140.1875,27.39
-1.4375,-139.9792,27.36
-1.4375,-139.7708,27.34
-1.4375,-139.5625,27.36
-1.4375,-139.3542,27.28
-1.4375,-139.1458,27.24
-1.4375,-138.9375,27.13
-1.4375,-138.7292,27.09
-1.4375,-138.5208,27.13
-1.4375,-138.3125,27.12
-1.4375,-138.1042,27.08
-1.4375,-137.8958,27.02
-1.4375,-137.6875,27.16
-1.4375,-137.4792,27.05
-1.4375,-137.2708,26.88
-1.4375,-137.0625,26.89
-1.4375,-136.8542,27.11
-1.4375,-136.6458,27.06
-1.4375,-136.4375,26.93
-1.4375,-136.2292,27.02
-1.4375,-136.0208,27.02
-1.4375,-135.8125,26.89
-1.4375,-135.6042,26.95
-1.4375,-135.3958,27.06
-1.4375,-135.1875,27.05
-1.4375,-134.9792,26.91
-1.4375,-134.7708,27.10
-1.4375,-134.5625,26.96
-1.4375,-134.3542,27.11
-1.4375,-134.1458,27.09
-1.4375,-133.9375,27.26
-1.4375,-133.7292,27.16
-1.4375,-133.5208,27.14
-1.4375,-133.3125,26.98
-1.4375,-133.1042,27.38
-1.4375,-132.8958,27.20
-1.4375,-132.6875,27.34
-1.4375,-132.4792,27.37
-1.4375,-132.2708,27.36
-1.4375,-132.0625,27.34
-1.4375,-131.8542,27.20
-1.4375,-131.6458,27.43
-1.4375,-131.4375,27.44
-1.4375,-131.2292,27.33
-1.4375,-131.0208,27.41
-1.4375,-130.8125,27.27
-1.4375,-130.6042,27.23
-1.4375,-130.3958,27.17
-1.4375,-130.1875,27.26
-1.4375,-129.9792,27.05
-1.4375,-129.7708,27.12
-1.4375,-129.5625,26.86
-1.4375,-129.3542,26.96
-1.4375,-129.1458,26.86
-1.4375,-128.9375,26.86
-1.4375,-128.7292,26.83
-1.4375,-128.5208,26.84
-1.4375,-128.3125,26.73
-1.4375,-128.1042,26.58
-1.4375,-127.8958,26.57
-1.4375,-127.6875,26.53
-1.4375,-127.4792,26.60
-1.4375,-127.2708,26.50
-1.4375,-127.0625,26.56
-1.4375,-126.8542,26.40
-1.4375,-126.6458,26.39
-1.4375,-126.4375,26.47
-1.4375,-126.2292,26.49
-1.4375,-126.0208,26.46
-1.4375,-125.8125,26.56
-1.4375,-125.6042,26.45
-1.4375,-125.3958,26.52
-1.4375,-125.1875,26.56
-1.4375,-124.9792,26.57
-1.4375,-124.7708,26.57
-1.4375,-124.5625,26.67
-1.4375,-124.3542,26.71
-1.4375,-124.1458,26.60
-1.4375,-123.9375,26.64
-1.4375,-123.7292,26.66
-1.4375,-123.5208,26.63
-1.4375,-123.3125,26.70
-1.4375,-123.1042,26.65
-1.4375,-122.8958,26.74
-1.4375,-122.6875,26.72
-1.4375,-122.4792,26.64
-1.4375,-122.2708,26.64
-1.4375,-122.0625,26.66
-1.4375,-121.8542,26.61
-1.4375,-121.6458,26.50
-1.4375,-121.4375,26.56
-1.4375,-121.2292,26.47
-1.4375,-121.0208,26.40
-1.4375,-120.8125,26.39
-1.4375,-120.6042,26.36
-1.4375,-120.3958,26.23
-1.4375,-120.1875,26.17
-1.6458,-169.9792,28.55
-1.6458,-169.7708,28.52
-1.6458,-169.5625,28.62
-1.6458,-169.3542,28.65
-1.6458,-169.1458,28.70
-1.6458,-168.9375,28.68
-1.6458,-168.7292,28.62
-1.6458,-168.5208,28.71
-1.6458,-168.3125,28.80
-1.6458,-168.1042,28.88
-1.6458,-167.8958,28.87
-1.6458,-167.6875,28.95
-1.6458,-167.4792,28.95
-1.6458,-167.2708,28.95
-1.6458,-167.0625,29.04
-1.6458,-166.8542,29.05
-1.6458,-166.6458,29.08
-1.6458,-166.4375,29.02
-1.6458,-166.2292,28.97
-1.6458,-166.0208,28.83
-1.6458,-165.8125,28.87
-1.6458,-165.6042,28.83
-1.6458,-165.3958,28.86
-1.6458,-165.1875,28.80
-1.6458,-164.9792,28.69
-1.6458,-164.7708,28.64
-1.6458,-164.5625,28.55
-1.6458,-164.3542,28.41
-1.6458,-164.1458,28.33
-1.6458,-163.9375,28.31
-1.6458,-163.7292,28.15
-1.6458,-163.5208,28.12
-1.6458,-163.3125,28.26
-1.6458,-163.1042,28.39
-1.6458,-162.8958,28.29
-1.6458,-162.6875,28.36
-1.6458,-162.4792,28.30
-1.6458,-162.2708,28.27
-1.6458,-162.0625,28.27
-1.6458,-161.8542,28.22
-1.6458,-161.6458,28.20
-1.6458,-161.4375,28.21
-1.6458,-161.2292,28.22
-1.6458,-161.0208,28.14
-1.6458,-160.8125,28.20
-1.6458,-160.6042,28.10
-1.6458,-160.3958,28.04
-1.6458,-160.1875,28.05
-1.6458,-159.9792,28.09
-1.6458,-159.7708,28.16
-1.6458,-159.5625,28.11
-1.6458,-159.3542,28.14
-1.6458,-159.1458,28.20
-1.6458,-158.9375,28.11
-1.6458,-158.7292,28.07
-1.6458,-158.5208,28.18
-1.6458,-158.3125,28.15
-1.6458,-158.1042,28.23
-1.6458,-157.8958,28.28
-1.6458,-157.6875,28.36
-1.6458,-157.4792,28.42
-1.6458,-157.2708,28.34
-1.6458,-157.0625,28.60
-1.6458,-156.8542,28.66
-1.6458,-156.6458,28.60
-1.6458,-156.4375,28.65
-1.6458,-156.2292,28.65
-1.6458,-156.0208,28.77
-1.6458,-155.8125,28.85
-1.6458,-155.6042,28.84
-1.6458,-155.3958,28.70
-1.6458,-155.1875,28.61
-1.6458,-154.9792,28.61
-1.6458,-154.7708,28.46
-1.6458,-154.5625,28.45
-1.6458,-154.3542,28.54
-1.6458,-154.1458,28.37
-1.6458,-153.9375,28.34
-1.6458,-153.7292,28.27
-1.6458,-153.5208,27.96
-1.6458,-153.3125,28.14
-1.6458,-153.1042,28.15
-1.6458,-152.8958,28.05
-1.6458,-152.6875,28.08
-1.6458,-152.4792,27.99
-1.6458,-152.2708,28.16
-1.6458,-152.0625,28.09
-1.6458,-151.8542,28.04
-1.6458,-151.6458,28.14
-1.6458,-151.4375,28.23
-1.6458,-151.2292,28.26
-1.6458,-151.0208,28.29
-1.6458,-150.8125,28.37
-1.6458,-150.6042,28.25
-1.6458,-150.3958,28.15
-1.6458,-150.1875,28.20
-1.6458,-149.9792,28.05
-1.6458,-149.7708,28.11
-1.6458,-149.5625,27.99
-1.6458,-149.3542,27.98
-1.6458,-149.1458,27.99
-1.6458,-148.9375,27.93
-1.6458,-148.7292,27.86
-1.6458,-148.5208,27.79
-1.6458,-148.3125,27.64
-1.6458,-148.1042,27.68
-1.6458,-147.8958,27.54
-1.6458,-147.6875,27.56
-1.6458,-147.4792,27.64
-1.6458,-147.2708,27.57
-1.6458,-147.0625,27.65
-1.6458,-146.8542,27.64
-1.6458,-146.6458,27.61
-1.6458,-146.4375,27.75
-1.6458,-146.2292,27.62
-1.6458,-146.0208,27.82
-1.6458,-145.8125,27.95
-1.6458,-145.6042,27.88
-1.6458,-145.3958,28.06
-1.6458,-145.1875,28.06
-1.6458,-144.9792,28.15
-1.6458,-144.7708,28.22
-1.6458,-144.5625,28.30
-1.6458,-144.3542,28.41
-1.6458,-144.1458,28.44
-1.6458,-143.9375,28.34
-1.6458,-143.7292,28.32
-1.6458,-143.5208,28.24
-1.6458,-143.3125,28.25
-1.6458,-143.1042,28.16
-1.6458,-142.8958,28.10
-1.6458,-142.6875,27.84
-1.6458,-142.4792,27.85
-1.6458,-142.2708,27.89
-1.6458,-142.0625,27.72
-1.6458,-141.8542,27.76
-1.6458,-141.6458,27.79
-1.6458,-141.4375,27.75
-1.6458,-141.2292,27.67
-1.6458,-141.0208,27.58
-1.6458,-140.8125,27.64
-1.6458,-140.6042,27.47
-1.6458,-140.3958,27.49
-1.6458,-140.1875,27.47
-1.6458,-139.9792,27.53
-1.6458,-139.7708,27.45
-1.6458,-139.5625,27.36
-1.6458,-139.3542,27.30
-1.6458,-139.1458,27.39
-1.6458,-138.9375,27.30
-1.6458,-138.7292,27.20
-1.6458,-138.5208,27.15
-1.6458,-138.3125,27.14
-1.6458,-138.1042,27.12
-1.6458,-137.8958,27.14
-1.6458,-137.6875,27.14
-1.6458,-137.4792,27.06
-1.6458,-137.2708,27.12
-1.6458,-137.0625,27.10
-1.6458,-136.8542,27.09
-1.6458,-136.6458,27.14
-1.6458,-136.4375,27.02
-1.6458,-136.2292,27.09
-1.6458,-136.0208,27.06
-1.6458,-135.8125,27.05
-1.6458,-135.6042,27.00
-1.6458,-135.3958,26.98
-1.6458,-135.1875,27.07
-1.6458,-134.9792,27.11
-1.6458,-134.7708,27.11
-1.6458,-134.5625,27.09
-1.6458,-134.3542,27.13
-1.6458,-134.1458,27.21
-1.6458,-133.9375,27.34
-1.6458,-133.7292,27.29
-1.6458,-133.5208,27.16
-1.6458,-133.3125,26.99
-1.6458,-133.1042,27.10
-1.6458,-132.8958,27.34
-1.6458,-132.6875,27.46
-1.6458,-132.4792,27.59
-1.6458,-132.2708,27.34
-1.6458,-132.0625,27.34
-1.6458,-131.8542,27.45
-1.6458,-131.6458,27.34
-1.6458,-131.4375,27.63
-1.6458,-131.2292,27.54
-1.6458,-131.0208,27.64
-1.6458,-130.8125,27.48
-1.6458,-130.6042,27.46
-1.6458,-130.3958,27.41
-1.6458,-130.1875,27.31
-1.6458,-129.9792,27.34
-1.6458,-129.7708,27.30
-1.6458,-129.5625,27.19
-1.6458,-129.3542,27.14
-1.6458,-129.1458,27.08
-1.6458,-128.9375,27.02
-1.6458,-128.7292,26.99
-1.6458,-128.5208,26.91
-1.6458,-128.3125,26.91
-1.6458,-128.1042,26.77
-1.6458,-127.8958,26.69
-1.6458,-127.6875,26.66
-1.6458,-127.4792,26.68
-1.6458,-127.2708,26.68
-1.6458,-127.0625,26.58
-1.6458,-126.8542,26.56
-1.6458,-126.6458,26.61
-1.6458,-126.4375,26.52
-1.6458,-126.2292,26.58
-1.6458,-126.0208,26.62
-1.6458,-125.8125,26.56
-1.6458,-125.6042,26.64
-1.6458,-125.3958,26.67
-1.6458,-125.1875,26.66
-1.6458,-124.9792,26.75
-1.6458,-124.7708,26.70
-1.6458,-124.5625,26.72
-1.6458,-124.3542,26.80
-1.6458,-124.1458,26.80
-1.6458,-123.9375,26.78
-1.6458,-123.7292,26.70
-1.6458,-123.5208,26.80
-1.6458,-123.3125,26.77
-1.6458,-123.1042,26.77
-1.6458,-122.8958,26.75
-1.6458,-122.6875,26.91
-1.6458,-122.4792,26.82
-1.6458,-122.2708,26.91
-1.6458,-122.0625,26.79
-1.6458,-121.8542,26.84
-1.6458,-121.6458,26.72
-1.6458,-121.4375,26.64
-1.6458,-121.2292,26.58
-1.6458,-121.0208,26.47
-1.6458,-120.8125,26.44
-1.6458,-120.6042,26.54
-1.6458,-120.3958,26.44
-1.6458,-120.1875,26.34
-1.8542,-169.9792,28.58
-1.8542,-169.7708,28.59
-1.8542,-169.5625,28.61
-1.8542,-169.3542,28.68
-1.8542,-169.1458,28.62
-1.8542,-168.9375,28.71
-1.8542,-168.7292,28.61
-1.8542,-168.5208,28.75
-1.8542,-168.3125,28.80
-1.8542,-168.1042,28.75
-1.8542,-167.8958,28.90
-1.8542,-167.6875,28.93
-1.8542,-167.4792,28.90
-1.8542,-167.2708,28.84
-1.8542,-167.0625,29.02
-1.8542,-166.8542,28.96
-1.8542,-166.6458,29.08
-1.8542,-166.4375,29.05
-1.8542,-166.2292,28.99
-1.8542,-166.0208,28.93
-1.8542,-165.8125,28.72
-1.8542,-165.6042,28.89
-1.8542,-165.3958,28.86
-1.8542,-165.1875,28.84
-1.8542,-164.9792,28.93
-1.8542,-164.7708,28.79
-1.8542,-164.5625,28.54
-1.8542,-164.3542,28.62
-1.8542,-164.1458,28.47
-1.8542,-163.9375,28.38
-1.8542,-163.7292,28.18
-1.8542,-163.5208,28.25
-1.8542,-163.3125,28.38
-1.8542,-163.1042,28.38
-1.8542,-162.8958,28.43
-1.8542,-162.6875,28.50
-1.8542,-162.4792,28.45
-1.8542,-162.2708,28.39
-1.8542,-162.0625,28.36
-1.8542,-161.8542,28.34
-1.8542,-161.6458,28.33
-1.8542,-161.4375,28.26
-1.8542,-161.2292,28.15
-1.8542,-161.0208,28.20
-1.8542,-160.8125,28.17
-1.8542,-160.6042,28.18
-1.8542,-160.3958,28.09
-1.8542,-160.1875,28.09
-1.8542,-159.9792,28.13
-1.8542,-159.7708,28.11
-1.8542,-159.5625,28.06
-1.8542,-159.3542,28.20
-1.8542,-159.1458,28.26
-1.8542,-158.9375,28.21
-1.8542,-158.7292,28.09
-1.8542,-158.5208,28.18
-1.8542,-158.3125,28.24
-1.8542,-158.1042,28.35
-1.8542,-157.8958,28.34
-1.8542,-157.6875,28.43
-1.8542,-157.4792,28.51
-1.8542,-157.2708,28.56
-1.8542,-157.0625,28.64
-1.8542,-156.8542,28.70
-1.8542,-156.6458,28.74
-1.8542,-156.4375,28.74
-1.8542,-156.2292,28.73
-1.8542,-156.0208,28.73
-1.8542,-155.8125,28.75
-1.8542,-155.6042,28.66
-1.8542,-155.3958,28.77
-1.8542,-155.1875,28.57
-1.8542,-154.9792,28.59
-1.8542,-154.7708,28.57
-1.8542,-154.5625,28.61
-1.8542,-154.3542,28.59
-1.8542,-154.1458,28.39
-1.8542,-153.9375,28.41
-1.8542,-153.7292,28.31
-1.8542,-153.5208,28.47
-1.8542,-153.3125,28.36
-1.8542,-153.1042,28.24
-1.8542,-152.8958,28.25
-1.8542,-152.6875,28.18
-1.8542,-152.4792,28.12
-1.8542,-152.2708,28.19
-1.8542,-152.0625,28.27
-1.8542,-151.8542,28.24
-1.8542,-151.6458,28.18
-1.8542,-151.4375,28.36
-1.8542,-151.2292,28.30
-1.8542,-151.0208,28.38
-1.8542,-150.8125,28.44
-1.8542,-150.6042,28.31
-1.8542,-150.3958,28.27
-1.8542,-150.1875,28.18
-1.8542,-149.9792,28.16
-1.8542,-149.7708,28.12
-1.8542,-149.5625,28.12
-1.8542,-149.3542,28.08
-1.8542,-149.1458,28.11
-1.8542,-148.9375,27.97
-1.8542,-148.7292,27.95
-1.8542,-148.5208,27.97
-1.8542,-148.3125,27.88
-1.8542,-148.1042,27.73
-1.8542,-147.8958,27.70
-1.8542,-147.6875,27.67
-1.8542,-147.4792,27.50
-1.8542,-147.2708,27.66
-1.8542,-147.0625,27.69
-1.8542,-146.8542,27.71
-1.8542,-146.6458,27.77
-1.8542,-146.4375,27.79
-1.8542,-146.2292,27.76
-1.8542,-146.0208,27.79
-1.8542,-145.8125,27.89
-1.8542,-145.6042,27.94
-1.8542,-145.3958,28.10
-1.8542,-145.1875,28.34
-1.8542,-144.9792,28.35
-1.8542,-144.7708,28.33
-1.8542,-144.5625,28.34
-1.8542,-144.3542,28.49
-1.8542,-144.1458,28.43
-1.8542,-143.9375,28.45
-1.8542,-143.7292,28.41
-1.8542,-143.5208,28.25
-1.8542,-143.3125,28.22
-1.8542,-143.1042,28.36
-1.8542,-142.8958,28.14
-1.8542,-142.6875,27.96
-1.8542,-142.4792,27.93
-1.8542,-142.2708,27.79
-1.8542,-142.0625,27.86
-1.8542,-141.8542,27.89
-1.8542,-141.6458,27.80
-1.8542,-141.4375,27.81
-1.8542,-141.2292,27.73
-1.8542,-141.0208,27.80
-1.8542,-140.8125,27.64
-1.8542,-140.6042,27.54
-1.8542,-140.3958,27.55
-1.8542,-140.1875,27.50
-1.8542,-139.9792,27.55
-1.8542,-139.7708,27.53
-1.8542,-139.5625,27.46
-1.8542,-139.3542,27.36
-1.8542,-139.1458,27.38
-1.8542,-138.9375,27.37
-1.8542,-138.7292,27.34
-1.8542,-138.5208,27.25
-1.8542,-138.3125,27.24
-1.8542,-138.1042,27.18
-1.8542,-137.8958,27.21
-1.8542,-137.6875,27.15
-1.8542,-137.4792,27.04
-1.8542,-137.2708,27.12
-1.8542,-137.0625,27.20
-1.8542,-136.8542,27.16
-1.8542,-136.6458,27.20
-1.8542,-136.4375,27.15
-1.8542,-136.2292,27.12
-1.8542,-136.0208,27.10
-1.8542,-135.8125,27.09
-1.8542,-135.6042,27.09
-1.8542,-135.3958,27.18
-1.8542,-135.1875,27.28
-1.8542,-134.9792,27.14
-1.8542,-134.7708,27.11
-1.8542,-134.5625,27.23
-1.8542,-134.3542,27.20
-1.8542,-134.1458,27.21
-1.8542,-133.9375,27.16
-1.8542,-133.7292,27.14
-1.8542,-133.5208,27.32
-1.8542,-133.3125,27.32
-1.8542,-133.1042,27.05
-1.8542,-132.8958,27.14
-1.8542,-132.6875,27.47
-1.8542,-132.4792,27.54
-1.8542,-132.2708,27.52
-1.8542,-132.0625,27.52
-1.8542,-131.8542,27.50
-1.8542,-131.6458,27.40
-1.8542,-131.4375,27.56
-1.8542,-131.2292,27.38
-1.8542,-131.0208,27.61
-1.8542,-130.8125,27.70
-1.8542,-130.6042,27.57
-1.8542,-130.3958,27.55
-1.8542,-130.1875,27.44
-1.8542,-129.9792,27.49
-1.8542,-129.7708,27.46
-1.8542,-129.5625,27.36
-1.8542,-129.3542,27.29
-1.8542,-129.1458,27.32
-1.8542,-128.9375,27.13
-1.8542,-128.7292,27.11
-1.8542,-128.5208,27.14
-1.8542,-128.3125,26.96
-1.8542,-128.1042,26.91
-1.8542,-127.8958,26.93
-1.8542,-127.6875,27.00
-1.8542,-127.4792,26.79
-1.8542,-127.2708,26.77
-1.8542,-127.0625,26.81
-1.8542,-126.8542,26.68
-1.8542,-126.6458,26.70
-1.8542,-126.4375,26.66
-1.8542,-126.2292,26.68
-1.8542,-126.0208,26.70
-1.8542,-125.8125,26.75
-1.8542,-125.6042,26.70
-1.8542,-125.3958,26.80
-1.8542,-125.1875,26.72
-1.8542,-124.9792,26.92
-1.8542,-124.7708,26.89
-1.8542,-124.5625,26.95
-1.8542,-124.3542,26.85
-1.8542,-124.1458,26.96
-1.8542,-123.9375,26.89
-1.8542,-123.7292,26.86
-1.8542,-123.5208,26.94
-1.8542,-123.3125,26.86
-1.8542,-123.1042,26.97
-1.8542,-122.8958,26.94
-1.8542,-122.6875,26.98
-1.8542,-122.4792,26.97
-1.8542,-122.2708,26.96
-1.8542,-122.0625,26.92
-1.8542,-121.8542,26.82
-1.8542,-121.6458,26.68
-1.8542,-121.4375,26.71
-1.8542,-121.2292,26.64
-1.8542,-121.0208,26.58
-1.8542,-120.8125,26.56
-1.8542,-120.6042,26.47
-1.8542,-120.3958,26.52
-1.8542,-120.1875,26.50
-2.0625,-169.9792,28.66
-2.0625,-169.7708,28.59
-2.0625,-169.5625,28.56
-2.0625,-169.3542,28.73
-2.0625,-169.1458,28.64
-2.0625,-168.9375,28.65
-2.0625,-168.7292,28.72
-2.0625,-168.5208,28.75
-2.0625,-168.3125,28.74
-2.0625,-168.1042,28.83
-2.0625,-167.8958,28.79
-2.0625,-167.6875,28.82
-2.0625,-167.4792,28.79
-2.0625,-167.2708,28.95
-2.0625,-167.0625,29.05
-2.0625,-166.8542,29.09
-2.0625,-166.6458,29.07
-2.0625,-166.4375,28.89
-2.0625,-166.2292,28.93
-2.0625,-166.0208,28.79
-2.0625,-165.8125,28.77
-2.0625,-165.6042,28.91
-2.0625,-165.3958,28.99
-2.0625,-165.1875,28.89
-2.0625,-164.9792,28.88
-2.0625,-164.7708,28.87
-2.0625,-164.5625,28.70
-2.0625,-164.3542,28.69
-2.0625,-164.1458,28.59
-2.0625,-163.9375,28.59
-2.0625,-163.7292,28.43
-2.0625,-163.5208,28.40
-2.0625,-163.3125,28.32
-2.0625,-163.1042,28.45
-2.0625,-162.8958,28.46
-2.0625,-162.6875,28.52
-2.0625,-162.4792,28.51
-2.0625,-162.2708,28.55
-2.0625,-162.0625,28.46
-2.0625,-161.8542,28.44
-2.0625,-161.6458,28.29
-2.0625,-161.4375,28.23
-2.0625,-161.2292,28.24
-2.0625,-161.0208,28.18
-2.0625,-160.8125,28.16
-2.0625,-160.6042,28.05
-2.0625,-160.3958,28.14
-2.0625,-160.1875,28.12
-2.0625,-159.9792,28.10
-2.0625,-159.7708,28.04
-2.0625,-159.5625,28.13
-2.0625,-159.3542,28.12
-2.0625,-159.1458,28.27
-2.0625,-158.9375,28.31
-2.0625,-158.7292,28.19
-2.0625,-158.5208,28.36
-2.0625,-158.3125,28.32
-2.0625,-158.1042,28.39
-2.0625,-157.8958,28.47
-2.0625,-157.6875,28.49
-2.0625,-157.4792,28.50
-2.0625,-157.2708,28.60
-2.0625,-157.0625,28.61
-2.0625,-156.8542,28.61
-2.0625,-156.6458,28.68
-2.0625,-156.4375,28.81
-2.0625,-156.2292,28.74
-2.0625,-156.0208,28.79
-2.0625,-155.8125,28.79
-2.0625,-155.6042,28.81
-2.0625,-155.3958,28.60
-2.0625,-155.1875,28.65
-2.0625,-154.9792,28.59
-2.0625,-154.7708,28.56
-2.0625,-154.5625,28.52
-2.0625,-154.3542,28.59
-2.0625,-154.1458,28.80
-2.0625,-153.9375,28.49
-2.0625,-153.7292,28.29
-2.0625,-153.5208,28.41
-2.0625,-153.3125,28.39
-2.0625,-153.1042,28.36
-2.0625,-152.8958,28.38
-2.0625,-152.6875,28.22
-2.0625,-152.4792,28.20
-2.0625,-152.2708,28.25
-2.0625,-152.0625,28.29
-2.0625,-151.8542,28.31
-2.0625,-151.6458,28.29
-2.0625,-151.4375,28.43
-2.0625,-151.2292,28.36
-2.0625,-151.0208,28.36
-2.0625,-150.8125,28.26
-2.0625,-150.6042,28.32
-2.0625,-150.3958,28.18
-2.0625,-150.1875,28.18
-2.0625,-149.9792,28.18
-2.0625,-149.7708,28.11
-2.0625,-149.5625,28.12
-2.0625,-149.3542,28.09
-2.0625,-149.1458,28.16
-2.0625,-148.9375,28.03
-2.0625,-148.7292,27.93
-2.0625,-148.5208,27.80
-2.0625,-148.3125,27.68
-2.0625,-148.1042,27.87
-2.0625,-147.8958,27.77
-2.0625,-147.6875,27.70
-2.0625,-147.4792,27.68
-2.0625,-147.2708,27.55
-2.0625,-147.0625,27.68
-2.0625,-146.8542,27.74
-2.0625,-146.6458,27.92
-2.0625,-146.4375,27.79
-2.0625,-146.2292,27.82
-2.0625,-146.0208,27.94
-2.0625,-145.8125,27.99
-2.0625,-145.6042,28.11
-2.0625,-145.3958,28.29
-2.0625,-145.1875,28.38
-2.0625,-144.9792,28.37
-2.0625,-144.7708,28.47
-2.0625,-144.5625,28.52
-2.0625,-144.3542,28.40
-2.0625,-144.1458,28.40
-2.0625,-143.9375,28.48
-2.0625,-143.7292,28.34
-2.0625,-143.5208,28.27
-2.0625,-143.3125,28.26
-2.0625,-143.1042,28.38
-2.0625,-142.8958,28.26
-2.0625,-142.6875,28.16
-2.0625,-142.4792,28.07
-2.0625,-142.2708,27.81
-2.0625,-142.0625,27.96
-2.0625,-141.8542,27.83
-2.0625,-141.6458,27.83
-2.0625,-141.4375,27.83
-2.0625,-141.2292,27.71
-2.0625,-141.0208,27.72
-2.0625,-140.8125,27.62
-2.0625,-140.6042,27.58
-2.0625,-140.3958,27.52
-2.0625,-140.1875,27.48
-2.0625,-139.9792,27.56
-2.0625,-139.7708,27.56
-2.0625,-139.5625,27.51
-2.0625,-139.3542,27.53
-2.0625,-139.1458,27.43
-2.0625,-138.9375,27.46
-2.0625,-138.7292,27.41
-2.0625,-138.5208,27.42
-2.0625,-138.3125,27.34
-2.0625,-138.1042,27.23
-2.0625,-137.8958,27.26
-2.0625,-137.6875,27.24
-2.0625,-137.4792,27.24
-2.0625,-137.2708,27.18
-2.0625,-137.0625,27.16
-2.0625,-136.8542,27.22
-2.0625,-136.6458,27.29
-2.0625,-136.4375,27.30
-2.0625,-136.2292,27.20
-2.0625,-136.0208,27.18
-2.0625,-135.8125,27.32
-2.0625,-135.6042,27.31
-2.0625,-135.3958,27.28
-2.0625,-135.1875,27.42
-2.0625,-134.9792,27.18
-2.0625,-134.7708,27.14
-2.0625,-134.5625,27.36
-2.0625,-134.3542,27.15
-2.0625,-134.1458,27.05
-2.0625,-133.9375,27.41
-2.0625,-133.7292,27.34
-2.0625,-133.5208,27.27
-2.0625,-133.3125,27.52
-2.0625,-133.1042,27.43
-2.0625,-132.8958,27.45
-2.0625,-132.6875,27.59
-2.0625,-132.4792,27.52
-2.0625,-132.2708,27.61
-2.0625,-132.0625,27.61
-2.0625,-131.8542,27.64
-2.0625,-131.6458,27.61
-2.0625,-131.4375,27.55
-2.0625,-131.2292,27.48
-2.0625,-131.0208,27.49
-2.0625,-130.8125,27.53
-2.0625,-130.6042,27.64
-2.0625,-130.3958,27.59
-2.0625,-130.1875,27.48
-2.0625,-129.9792,27.55
-2.0625,-129.7708,27.39
-2.0625,-129.5625,27.27
-2.0625,-129.3542,27.34
-2.0625,-129.1458,27.34
-2.0625,-128.9375,27.19
-2.0625,-128.7292,27.16
-2.0625,-128.5208,27.19
-2.0625,-128.3125,26.98
-2.0625,-128.1042,26.88
-2.0625,-127.8958,26.77
-2.0625,-127.6875,27.00
-2.0625,-127.4792,26.91
-2.0625,-127.2708,26.93
-2.0625,-127.0625,26.93
-2.0625,-126.8542,26.83
-2.0625,-126.6458,26.79
-2.0625,-126.4375,26.81
-2.0625,-126.2292,26.91
-2.0625,-126.0208,26.80
-2.0625,-125.8125,26.95
-2.0625,-125.6042,26.80
-2.0625,-125.3958,26.94
-2.0625,-125.1875,26.96
-2.0625,-124.9792,26.98
-2.0625,-124.7708,27.00
-2.0625,-124.5625,26.98
-2.0625,-124.3542,26.95
-2.0625,-124.1458,27.02
-2.0625,-123.9375,26.95
-2.0625,-123.7292,26.86
-2.0625,-123.5208,27.07
-2.0625,-123.3125,26.95
-2.0625,-123.1042,26.93
-2.0625,-122.8958,27.02
-2.0625,-122.6875,27.11
-2.0625,-122.4792,27.12
-2.0625,-122.2708,26.97
-2.0625,-122.0625,26.89
-2.0625,-121.8542,26.76
-2.0625,-121.6458,26.89
-2.0625,-121.4375,26.80
-2.0625,-121.2292,26.75
-2.0625,-121.0208,26.68
-2.0625,-120.8125,26.70
-2.0625,-120.6042,26.61
-2.0625,-120.3958,26.52
-2.0625,-120.1875,26.52
-2.2708,-169.9792,28.66
-2.2708,-169.7708,28.71
-2.2708,-169.5625,28.73
-2.2708,-169.3542,28.67
-2.2708,-169.1458,28.70
-2.2708,-168.9375,28.68
-2.2708,-168.7292,28.71
-2.2708,-168.5208,28.70
-2.2708,-168.3125,28.58
-2.2708,-168.1042,28.70
-2.2708,-167.8958,28.89
-2.2708,-167.6875,28.97
-2.2708,-167.4792,28.83
-2.2708,-167.2708,28.83
-2.2708,-167.0625,28.93
-2.2708,-166.8542,29.05
-2.2708,-166.6458,29.03
-2.2708,-166.4375,29.06
-2.2708,-166.2292,28.99
-2.2708,-166.0208,28.96
-2.2708,-165.8125,28.86
-2.2708,-165.6042,28.79
-2.2708,-165.3958,28.85
-2.2708,-165.1875,29.02
-2.2708,-164.9792,28.92
-2.2708,-164.7708,28.82
-2.2708,-164.5625,28.74
-2.2708,-164.3542,28.69
-2.2708,-164.1458,28.61
-2.2708,-163.9375,28.74
-2.2708,-163.7292,28.63
-2.2708,-163.5208,28.54
-2.2708,-163.3125,28.56
-2.2708,-163.1042,28.50
-2.2708,-162.8958,28.48
-2.2708,-162.6875,28.61
-2.2708,-162.4792,28.66
-2.2708,-162.2708,28.64
-2.2708,-162.0625,28.48
-2.2708,-161.8542,28.52
-2.2708,-161.6458,28.50
-2.2708,-161.4375,28.38
-2.2708,-161.2292,28.22
-2.2708,-161.0208,28.30
-2.2708,-160.8125,28.37
-2.2708,-160.6042,28.27
-2.2708,-160.3958,28.26
-2.2708,-160.1875,28.15
-2.2708,-159.9792,28.06
-2.2708,-159.7708,28.06
-2.2708,-159.5625,28.20
-2.2708,-159.3542,28.22
-2.2708,-159.1458,28.32
-2.2708,-158.9375,28.31
-2.2708,-158.7292,28.36
-2.2708,-158.5208,28.31
-2.2708,-158.3125,28.36
-2.2708,-158.1042,28.45
-2.2708,-157.8958,28.54
-2.2708,-157.6875,28.59
-2.2708,-157.4792,28.59
-2.2708,-157.2708,28.57
-2.2708,-157.0625,28.62
-2.2708,-156.8542,28.65
-2.2708,-156.6458,28.72
-2.2708,-156.4375,28.64
-2.2708,-156.2292,28.81
-2.2708,-156.0208,28.81
-2.2708,-155.8125,28.86
-2.2708,-155.6042,28.75
-2.2708,-155.3958,28.64
-2.2708,-155.1875,28.60
-2.2708,-154.9792,28.70
-2.2708,-154.7708,28.59
-2.2708,-154.5625,28.65
-2.2708,-154.3542,28.75
-2.2708,-154.1458,28.59
-2.2708,-153.9375,28.68
-2.2708,-153.7292,28.56
-2.2708,-153.5208,28.46
-2.2708,-153.3125,28.45
-2.2708,-153.1042,28.43
-2.2708,-152.8958,28.45
-2.2708,-152.6875,28.25
-2.2708,-152.4792,28.32
-2.2708,-152.2708,28.40
-2.2708,-152.0625,28.40
-2.2708,-151.8542,28.40
-2.2708,-151.6458,28.38
-2.2708,-151.4375,28.39
-2.2708,-151.2292,28.48
-2.2708,-151.0208,28.44
-2.2708,-150.8125,28.38
-2.2708,-150.6042,28.40
-2.2708,-150.3958,28.35
-2.2708,-150.1875,28.36
-2.2708,-149.9792,28.23
-2.2708,-149.7708,28.16
-2.2708,-149.5625,28.19
-2.2708,-149.3542,28.13
-2.2708,-149.1458,28.04
-2.2708,-148.9375,27.93
-2.2708,-148.7292,27.93
-2.2708,-148.5208,27.89
-2.2708,-148.3125,27.85
-2.2708,-148.1042,27.72
-2.2708,-147.8958,27.75
-2.2708,-147.6875,27.72
-2.2708,-147.4792,27.79
-2.2708,-147.2708,27.77
-2.2708,-147.0625,27.78
-2.2708,-146.8542,27.80
-2.2708,-146.6458,27.93
-2.2708,-146.4375,27.77
-2.2708,-146.2292,27.79
-2.2708,-146.0208,27.99
-2.2708,-145.8125,27.98
-2.2708,-145.6042,28.12
-2.2708,-145.3958,28.17
-2.2708,-145.1875,28.23
-2.2708,-144.9792,28.39
-2.2708,-144.7708,28.38
-2.2708,-144.5625,28.31
-2.2708,-144.3542,28.41
-2.2708,-144.1458,28.34
-2.2708,-143.9375,28.44
-2.2708,-143.7292,28.38
-2.2708,-143.5208,28.34
-2.2708,-143.3125,28.25
-2.2708,-143.1042,28.25
-2.2708,-142.8958,28.20
-2.2708,-142.6875,28.15
-2.2708,-142.4792,28.09
-2.2708,-142.2708,28.05
-2.2708,-142.0625,28.00
-2.2708,-141.8542,27.97
-2.2708,-141.6458,27.97
-2.2708,-141.4375,27.88
-2.2708,-141.2292,27.89
-2.2708,-141.0208,27.73
-2.2708,-140.8125,27.72
-2.2708,-140.6042,27.75
-2.2708,-140.3958,27.69
-2.2708,-140.1875,27.66
-2.2708,-139.9792,27.71
-2.2708,-139.7708,27.67
-2.2708,-139.5625,27.64
-2.2708,-139.3542,27.49
-2.2708,-139.1458,27.50
-2.2708,-138.9375,27.55
-2.2708,-138.7292,27.46
-2.2708,-138.5208,27.48
-2.2708,-138.3125,27.40
-2.2708,-138.1042,27.40
-2.2708,-137.8958,27.27
-2.2708,-137.6875,27.30
-2.2708,-137.4792,27.36
-2.2708,-137.2708,27.33
-2.2708,-137.0625,27.31
-2.2708,-136.8542,27.39
-2.2708,-136.6458,27.31
-2.2708,-136.4375,27.34
-2.2708,-136.2292,27.45
-2.2708,-136.0208,27.20
-2.2708,-135.8125,27.34
-2.2708,-135.6042,27.43
-2.2708,-135.3958,27.25
-2.2708,-135.1875,27.49
-2.2708,-134.9792,27.29
-2.2708,-134.7708,27.39
-2.2708,-134.5625,27.30
-2.2708,-134.3542,27.34
-2.2708,-134.1458,27.06
-2.2708,-133.9375,27.12
-2.2708,-133.7292,27.15
-2.2708,-133.5208,27.39
-2.2708,-133.3125,27.52
-2.2708,-133.1042,27.21
-2.2708,-132.8958,27.30
-2.2708,-132.6875,27.44
-2.2708,-132.4792,27.54
-2.2708,-132.2708,27.57
-2.2708,-132.0625,27.68
-2.2708,-131.8542,27.67
-2.2708,-131.6458,27.68
-2.2708,-131.4375,27.62
-2.2708,-131.2292,27.66
-2.2708,-131.0208,27.50
-2.2708,-130.8125,27.61
-2.2708,-130.6042,27.66
-2.2708,-130.3958,27.72
-2.2708,-130.1875,27.64
-2.2708,-129.9792,27.44
-2.2708,-129.7708,27.56
-2.2708,-129.5625,27.42
-2.2708,-129.3542,27.39
-2.2708,-129.1458,27.43
-2.2708,-128.9375,27.30
-2.2708,-128.7292,27.14
-2.2708,-128.5208,27.09
-2.2708,-128.3125,26.96
-2.2708,-128.1042,26.95
-2.2708,-127.8958,27.15
-2.2708,-127.6875,26.99
-2.2708,-127.4792,26.89
-2.2708,-127.2708,27.00
-2.2708,-127.0625,26.98
-2.2708,-126.8542,27.09
-2.2708,-126.6458,27.06
-2.2708,-126.4375,27.08
-2.2708,-126.2292,27.04
-2.2708,-126.0208,26.95
-2.2708,-125.8125,27.09
-2.2708,-125.6042,27.01
-2.2708,-125.3958,27.11
-2.2708,-125.1875,27.11
-2.2708,-124.9792,27.20
-2.2708,-124.7708,27.11
-2.2708,-124.5625,27.18
-2.2708,-124.3542,27.15
-2.2708,-124.1458,27.12
-2.2708,-123.9375,27.09
-2.2708,-123.7292,26.99
-2.2708,-123.5208,27.06
-2.2708,-123.3125,27.14
-2.2708,-123.1042,27.02
-2.2708,-122.8958,27.09
-2.2708,-122.6875,27.00
-2.2708,-122.4792,27.02
-2.2708,-122.2708,27.12
-2.2708,-122.0625,26.91
-2.2708,-121.8542,26.82
-2.2708,-121.6458,26.80
-2.2708,-121.4375,26.68
-2.2708,-121.2292,26.80
-2.2708,-121.0208,26.75
-2.2708,-120.8125,26.72
-2.2708,-120.6042,26.65
-2.2708,-120.3958,26.68
-2.2708,-120.1875,26.73
-2.4792,-169.9792,28.71
-2.4792,-169.7708,28.72
-2.4792,-169.5625,28.70
-2.4792,-169.3542,28.75
-2.4792,-169.1458,28.74
-2.4792,-168.9375,28.66
-2.4792,-168.7292,28.73
-2.4792,-168.5208,28.68
-2.4792,-168.3125,28.61
-2.4792,-168.1042,28.74
-2.4792,-167.8958,28.88
-2.4792,-167.6875,28.97
-2.4792,-167.4792,28.77
-2.4792,-167.2708,28.92
-2.4792,-167.0625,28.91
-2.4792,-166.8542,29.02
-2.4792,-166.6458,29.29
-2.4792,-166.4375,28.97
-2.4792,-166.2292,28.86
-2.4792,-166.0208,29.01
-2.4792,-165.8125,28.82
-2.4792,-165.6042,28.93
-2.4792,-165.3958,28.95
-2.4792,-165.1875,28.91
-2.4792,-164.9792,28.93
-2.4792,-164.7708,28.86
-2.4792,-164.5625,28.93
-2.4792,-164.3542,28.89
-2.4792,-164.1458,28.77
-2.4792,-163.9375,28.78
-2.4792,-163.7292,28.71
-2.4792,-163.5208,28.55
-2.4792,-163.3125,28.49
-2.4792,-163.1042,28.59
-2.4792,-162.8958,28.59
-2.4792,-162.6875,28.68
-2.4792,-162.4792,28.64
-2.4792,-162.2708,28.59
-2.4792,-162.0625,28.59
-2.4792,-161.8542,28.54
-2.4792,-161.6458,28.50
-2.4792,-161.4375,28.45
-2.4792,-161.2292,28.27
-2.4792,-161.0208,28.26
-2.4792,-160.8125,28.36
-2.4792,-160.6042,28.34
-2.4792,-160.3958,28.52
-2.4792,-160.1875,28.30
-2.4792,-159.9792,28.25
-2.4792,-159.7708,28.34
-2.4792,-159.5625,28.30
-2.4792,-159.3542,28.23
-2.4792,-159.1458,28.24
-2.4792,-158.9375,28.36
-2.4792,-158.7292,28.38
-2.4792,-158.5208,28.31
-2.4792,-158.3125,28.40
-2.4792,-158.1042,28.55
-2.4792,-157.8958,28.66
-2.4792,-157.6875,28.77
-2.4792,-157.4792,28.86
-2.4792,-157.2708,28.80
-2.4792,-157.0625,28.72
-2.4792,-156.8542,28.77
-2.4792,-156.6458,28.77
-2.4792,-156.4375,28.80
-2.4792,-156.2292,28.88
-2.4792,-156.0208,28.86
-2.4792,-155.8125,28.77
-2.4792,-155.6042,28.86
-2.4792,-155.3958,28.89
-2.4792,-155.1875,28.90
-2.4792,-154.9792,28.74
-2.4792,-154.7708,28.80
-2.4792,-154.5625,28.80
-2.4792,-154.3542,28.77
-2.4792,-154.1458,28.74
-2.4792,-153.9375,28.71
-2.4792,-153.7292,28.55
-2.4792,-153.5208,28.39
-2.4792,-153.3125,28.43
-2.4792,-153.1042,28.39
-2.4792,-152.8958,28.36
-2.4792,-152.6875,28.46
-2.4792,-152.4792,28.43
-2.4792,-152.2708,28.55
-2.4792,-152.0625,28.43
-2.4792,-151.8542,28.54
-2.4792,-151.6458,28.45
-2.4792,-151.4375,28.42
-2.4792,-151.2292,28.42
-2.4792,-151.0208,28.48
-2.4792,-150.8125,28.47
-2.4792,-150.6042,28.45
-2.4792,-150.3958,28.41
-2.4792,-150.1875,28.42
-2.4792,-149.9792,28.22
-2.4792,-149.7708,28.12
-2.4792,-149.5625,28.15
-2.4792,-149.3542,28.06
-2.4792,-149.1458,28.07
-2.4792,-148.9375,28.02
-2.4792,-148.7292,27.92
-2.4792,-148.5208,27.96
-2.4792,-148.3125,27.93
-2.4792,-148.1042,27.87
-2.4792,-147.8958,27.84
-2.4792,-147.6875,27.86
-2.4792,-147.4792,27.79
-2.4792,-147.2708,27.86
-2.4792,-147.0625,27.77
-2.4792,-146.8542,27.90
-2.4792,-146.6458,27.84
-2.4792,-146.4375,27.84
-2.4792,-146.2292,27.90
-2.4792,-146.0208,27.97
-2.4792,-145.8125,28.09
-2.4792,-145.6042,28.24
-2.4792,-145.3958,28.26
-2.4792,-145.1875,28.43
-2.4792,-144.9792,28.43
-2.4792,-144.7708,28.47
-2.4792,-144.5625,28.45
-2.4792,-144.3542,28.43
-2.4792,-144.1458,28.45
-2.4792,-143.9375,28.40
-2.4792,-143.7292,28.36
-2.4792,-143.5208,28.24
-2.4792,-143.3125,28.24
-2.4792,-143.1042,28.27
-2.4792,-142.8958,28.12
-2.4792,-142.6875,28.15
-2.4792,-142.4792,28.20
-2.4792,-142.2708,28.11
-2.4792,-142.0625,28.04
-2.4792,-141.8542,28.12
-2.4792,-141.6458,28.05
-2.4792,-141.4375,27.93
-2.4792,-141.2292,28.02
-2.4792,-141.0208,28.04
-2.4792,-140.8125,27.92
-2.4792,-140.6042,27.91
-2.4792,-140.3958,27.89
-2.4792,-140.1875,27.77
-2.4792,-139.9792,27.76
-2.4792,-139.7708,27.74
-2.4792,-139.5625,27.71
-2.4792,-139.3542,27.65
-2.4792,-139.1458,27.61
-2.4792,-138.9375,27.61
-2.4792,-138.7292,27.52
-2.4792,-138.5208,27.55
-2.4792,-138.3125,27.54
-2.4792,-138.1042,27.40
-2.4792,-137.8958,27.36
-2.4792,-137.6875,27.38
-2.4792,-137.4792,27.43
-2.4792,-137.2708,27.45
-2.4792,-137.0625,27.51
-2.4792,-136.8542,27.59
-2.4792,-136.6458,27.44
-2.4792,-136.4375,27.41
-2.4792,-136.2292,27.43
-2.4792,-136.0208,27.49
-2.4792,-135.8125,27.39
-2.4792,-135.6042,27.49
-2.4792,-135.3958,27.34
-2.4792,-135.1875,27.55
-2.4792,-134.9792,27.46
-2.4792,-134.7708,27.51
-2.4792,-134.5625,27.49
-2.4792,-134.3542,27.45
-2.4792,-134.1458,27.54
-2.4792,-133.9375,27.27
-2.4792,-133.7292,27.42
-2.4792,-133.5208,27.34
-2.4792,-133.3125,27.43
-2.4792,-133.1042,27.40
-2.4792,-132.8958,27.49
-2.4792,-132.6875,27.55
-2.4792,-132.4792,27.50
-2.4792,-132.2708,27.57
-2.4792,-132.0625,27.68
-2.4792,-131.8542,27.68
-2.4792,-131.6458,27.67
-2.4792,-131.4375,27.73
-2.4792,-131.2292,27.70
-2.4792,-131.0208,27.73
-2.4792,-130.8125,27.68
-2.4792,-130.6042,27.59
-2.4792,-130.3958,27.58
-2.4792,-130.1875,27.38
-2.4792,-129.9792,27.31
-2.4792,-129.7708,27.48
-2.4792,-129.5625,27.52
-2.4792,-129.3542,27.47
-2.4792,-129.1458,27.37
-2.4792,-128.9375,27.39
-2.4792,-128.7292,27.32
-2.4792,-128.5208,27.20
-2.4792,-128.3125,27.20
-2.4792,-128.1042,27.20
-2.4792,-127.8958,27.16
-2.4792,-127.6875,27.15
-2.4792,-127.4792,27.04
-2.4792,-127.2708,27.14
-2.4792,-127.0625,27.06
-2.4792,-126.8542,27.15
-2.4792,-126.6458,27.25
-2.4792,-126.4375,27.02
-2.4792,-126.2292,27.20
-2.4792,-126.0208,27.26
-2.4792,-125.8125,27.36
-2.4792,-125.6042,27.18
-2.4792,-125.3958,27.13
-2.4792,-125.1875,27.28
-2.4792,-124.9792,27.30
-2.4792,-124.7708,27.36
-2.4792,-124.5625,27.30
-2.4792,-124.3542,27.31
-2.4792,-124.1458,27.23
-2.4792,-123.9375,27.18
-2.4792,-123.7292,27.14
-2.4792,-123.5208,27.15
-2.4792,-123.3125,27.20
-2.4792,-123.1042,27.06
-2.4792,-122.8958,27.27
-2.4792,-122.6875,27.09
-2.4792,-122.4792,27.05
-2.4792,-122.2708,26.90
-2.4792,-122.0625,26.98
-2.4792,-121.8542,26.90
-2.4792,-121.6458,26.78
-2.4792,-121.4375,26.79
-2.4792,-121.2292,26.70
-2.4792,-121.0208,26.80
-2.4792,-120.8125,26.78
-2.4792,-120.6042,26.88
-2.4792,-120.3958,26.71
-2.4792,-120.1875,26.82
-2.6875,-169.9792,28.82
-2.6875,-169.7708,28.75
-2.6875,-169.5625,28.76
-2.6875,-169.3542,28.71
-2.6875,-169.1458,28.68
-2.6875,-168.9375,28.70
-2.6875,-168.7292,28.72
-2.6875,-168.5208,28.77
-2.6875,-168.3125,28.65
-2.6875,-168.1042,28.80
-2.6875,-167.8958,28.87
-2.6875,-167.6875,28.86
-2.6875,-167.4792,28.95
-2.6875,-167.2708,29.02
-2.6875,-167.0625,29.10
-2.6875,-166.8542,29.08
-2.6875,-166.6458,29.09
-2.6875,-166.4375,28.96
-2.6875,-166.2292,28.98
-2.6875,-166.0208,28.89
-2.6875,-165.8125,28.96
-2.6875,-165.6042,28.91
-2.6875,-165.3958,28.98
-2.6875,-165.1875,28.96
-2.6875,-164.9792,28.94
-2.6875,-164.7708,28.89
-2.6875,-164.5625,28.96
-2.6875,-164.3542,28.86
-2.6875,-164.1458,28.87
-2.6875,-163.9375,28.70
-2.6875,-163.7292,28.59
-2.6875,-163.5208,28.65
-2.6875,-163.3125,28.56
-2.6875,-163.1042,28.66
-2.6875,-162.8958,28.85
-2.6875,-162.6875,28.80
-2.6875,-162.4792,28.56
-2.6875,-162.2708,28.50
-2.6875,-162.0625,28.43
-2.6875,-161.8542,28.50
-2.6875,-161.6458,28.34
-2.6875,-161.4375,28.43
-2.6875,-161.2292,28.42
-2.6875,-161.0208,28.46
-2.6875,-160.8125,28.41
-2.6875,-160.6042,28.47
-2.6875,-160.3958,28.37
-2.6875,-160.1875,28.40
-2.6875,-159.9792,28.39
-2.6875,-159.7708,28.41
-2.6875,-159.5625,28.40
-2.6875,-159.3542,28.31
-2.6875,-159.1458,28.39
-2.6875,-158.9375,28.41
-2.6875,-158.7292,28.47
-2.6875,-158.5208,28.53
-2.6875,-158.3125,28.47
-2.6875,-158.1042,28.61
-2.6875,-157.8958,28.70
-2.6875,-157.6875,28.83
-2.6875,-157.4792,28.81
-2.6875,-157.2708,28.61
-2.6875,-157.0625,28.73
-2.6875,-156.8542,28.67
-2.6875,-156.6458,28.80
-2.6875,-156.4375,28.93
-2.6875,-156.2292,28.77
-2.6875,-156.0208,28.91
-2.6875,-155.8125,28.94
-2.6875,-155.6042,28.90
-2.6875,-155.3958,29.04
-2.6875,-155.1875,28.98
-2.6875,-154.9792,28.86
-2.6875,-154.7708,28.84
-2.6875,-154.5625,28.93
-2.6875,-154.3542,28.93
-2.6875,-154.1458,28.64
-2.6875,-153.9375,28.72
-2.6875,-153.7292,28.70
-2.6875,-153.5208,28.61
-2.6875,-153.3125,28.51
-2.6875,-153.1042,28.39
-2.6875,-152.8958,28.41
-2.6875,-152.6875,28.43
-2.6875,-152.4792,28.52
-2.6875,-152.2708,28.48
-2.6875,-152.0625,28.43
-2.6875,-151.8542,28.51
-2.6875,-151.6458,28.46
-2.6875,-151.4375,28.37
-2.6875,-151.2292,28.40
-2.6875,-151.0208,28.49
-2.6875,-150.8125,28.60
-2.6875,-150.6042,28.59
-2.6875,-150.3958,28.49
-2.6875,-150.1875,28.47
-2.6875,-149.9792,28.36
-2.6875,-149.7708,28.32
-2.6875,-149.5625,28.27
-2.6875,-149.3542,28.34
-2.6875,-149.1458,28.18
-2.6875,-148.9375,28.05
-2.6875,-148.7292,28.02
-2.6875,-148.5208,28.05
-2.6875,-148.3125,27.89
-2.6875,-148.1042,28.00
-2.6875,-147.8958,28.04
-2.6875,-147.6875,27.89
-2.6875,-147.4792,27.98
-2.6875,-147.2708,27.92
-2.6875,-147.0625,27.93
-2.6875,-146.8542,28.05
-2.6875,-146.6458,28.05
-2.6875,-146.4375,27.97
-2.6875,-146.2292,27.99
-2.6875,-146.0208,28.00
-2.6875,-145.8125,28.16
-2.6875,-145.6042,28.16
-2.6875,-145.3958,28.24
-2.6875,-145.1875,28.40
-2.6875,-144.9792,28.34
-2.6875,-144.7708,28.50
-2.6875,-144.5625,28.44
-2.6875,-144.3542,28.40
-2.6875,-144.1458,28.37
-2.6875,-143.9375,28.35
-2.6875,-143.7292,28.21
-2.6875,-143.5208,28.34
-2.6875,-143.3125,28.36
-2.6875,-143.1042,28.28
-2.6875,-142.8958,28.28
-2.6875,-142.6875,28.25
-2.6875,-142.4792,28.37
-2.6875,-142.2708,28.11
-2.6875,-142.0625,28.09
-2.6875,-141.8542,28.18
-2.6875,-141.6458,28.19
-2.6875,-141.4375,28.18
-2.6875,-141.2292,28.25
-2.6875,-141.0208,28.27
-2.6875,-140.8125,28.14
-2.6875,-140.6042,28.06
-2.6875,-140.3958,27.97
-2.6875,-140.1875,27.72
-2.6875,-139.9792,27.84
-2.6875,-139.7708,27.84
-2.6875,-139.5625,27.78
-2.6875,-139.3542,27.66
-2.6875,-139.1458,27.56
-2.6875,-138.9375,27.59
-2.6875,-138.7292,27.61
-2.6875,-138.5208,27.53
-2.6875,-138.3125,27.57
-2.6875,-138.1042,27.55
-2.6875,-137.8958,27.45
-2.6875,-137.6875,27.36
-2.6875,-137.4792,27.39
-2.6875,-137.2708,27.54
-2.6875,-137.0625,27.59
-2.6875,-136.8542,27.40
-2.6875,-136.6458,27.55
-2.6875,-136.4375,27.66
-2.6875,-136.2292,27.61
-2.6875,-136.0208,27.44
-2.6875,-135.8125,27.57
-2.6875,-135.6042,27.51
-2.6875,-135.3958,27.54
-2.6875,-135.1875,27.43
-2.6875,-134.9792,27.43
-2.6875,-134.7708,27.52
-2.6875,-134.5625,27.64
-2.6875,-134.3542,27.59
-2.6875,-134.1458,27.56
-2.6875,-133.9375,27.50
-2.6875,-133.7292,27.52
-2.6875,-133.5208,27.49
-2.6875,-133.3125,27.77
-2.6875,-133.1042,27.59
-2.6875,-132.8958,27.59
-2.6875,-132.6875,27.45
-2.6875,-132.4792,27.59
-2.6875,-132.2708,27.75
-2.6875,-132.0625,27.58
-2.6875,-131.8542,27.77
-2.6875,-131.6458,27.61
-2.6875,-131.4375,27.82
-2.6875,-131.2292,27.70
-2.6875,-131.0208,27.72
-2.6875,-130.8125,27.72
-2.6875,-130.6042,27.47
-2.6875,-130.3958,27.52
-2.6875,-130.1875,27.60
-2.6875,-129.9792,27.58
-2.6875,-129.7708,27.51
-2.6875,-129.5625,27.45
-2.6875,-129.3542,27.52
-2.6875,-129.1458,27.35
-2.6875,-128.9375,27.39
-2.6875,-128.7292,27.34
-2.6875,-128.5208,27.22
-2.6875,-128.3125,27.30
-2.6875,-128.1042,27.36
-2.6875,-127.8958,27.22
-2.6875,-127.6875,27.28
-2.6875,-127.4792,27.33
-2.6875,-127.2708,27.10
-2.6875,-127.0625,27.16
-2.6875,-126.8542,27.29
-2.6875,-126.6458,27.15
-2.6875,-126.4375,27.06
-2.6875,-126.2292,27.14
-2.6875,-126.0208,27.21
-2.6875,-125.8125,27.29
-2.6875,-125.6042,27.37
-2.6875,-125.3958,27.57
-2.6875,-125.1875,27.25
-2.6875,-124.9792,27.18
-2.6875,-124.7708,27.41
-2.6875,-124.5625,27.27
-2.6875,-124.3542,27.27
-2.6875,-124.1458,27.38
-2.6875,-123.9375,27.28
-2.6875,-123.7292,27.29
-2.6875,-123.5208,27.35
-2.6875,-123.3125,27.30
-2.6875,-123.1042,27.30
-2.6875,-122.8958,27.32
-2.6875,-122.6875,27.16
-2.6875,-122.4792,27.21
-2.6875,-122.2708,27.09
-2.6875,-122.0625,27.09
-2.6875,-121.8542,27.11
-2.6875,-121.6458,26.80
-2.6875,-121.4375,26.89
-2.6875,-121.2292,26.92
-2.6875,-121.0208,26.84
-2.6875,-120.8125,26.86
-2.6875,-120.6042,26.84
-2.6875,-120.3958,26.82
-2.6875,-120.1875,26.88
-2.8958,-169.9792,29.05
-2.8958,-169.7708,29.07
-2.8958,-169.5625,29.03
-2.8958,-169.3542,28.86
-2.8958,-169.1458,28.80
-2.8958,-168.9375,28.83
-2.8958,-168.7292,28.70
-2.8958,-168.5208,28.81
-2.8958,-168.3125,28.89
-2.8958,-168.1042,28.98
-2.8958,-167.8958,28.74
-2.8958,-167.6875,28.89
-2.8958,-167.4792,29.04
-2.8958,-167.2708,29.10
-2.8958,-167.0625,29.19
-2.8958,-166.8542,29.23
-2.8958,-166.6458,29.14
-2.8958,-166.4375,28.97
-2.8958,-166.2292,28.93
-2.8958,-166.0208,28.96
-2.8958,-165.8125,28.95
-2.8958,-165.6042,28.99
-2.8958,-165.3958,29.01
-2.8958,-165.1875,28.80
-2.8958,-164.9792,28.86
-2.8958,-164.7708,28.97
-2.8958,-164.5625,28.84
-2.8958,-164.3542,28.93
-2.8958,-164.1458,28.96
-2.8958,-163.9375,28.81
-2.8958,-163.7292,28.62
-2.8958,-163.5208,28.72
-2.8958,-163.3125,28.72
-2.8958,-163.1042,28.73
-2.8958,-162.8958,28.71
-2.8958,-162.6875,28.67
-2.8958,-162.4792,28.70
-2.8958,-162.2708,28.56
-2.8958,-162.0625,28.45
-2.8958,-161.8542,28.43
-2.8958,-161.6458,28.43
-2.8958,-161.4375,28.42
-2.8958,-161.2292,28.59
-2.8958,-161.0208,28.73
-2.8958,-160.8125,28.65
-2.8958,-160.6042,28.70
-2.8958,-160.3958,28.60
-2.8958,-160.1875,28.57
-2.8958,-159.9792,28.45
-2.8958,-159.7708,28.50
-2.8958,-159.5625,28.43
-2.8958,-159.3542,28.36
-2.8958,-159.1458,28.39
-2.8958,-158.9375,28.61
-2.8958,-158.7292,28.61
-2.8958,-158.5208,28.59
-2.8958,-158.3125,28.71
-2.8958,-158.1042,28.75
-2.8958,-157.8958,28.79
-2.8958,-157.6875,28.74
-2.8958,-157.4792,28.74
-2.8958,-157.2708,28.73
-2.8958,-157.0625,28.80
-2.8958,-156.8542,28.82
-2.8958,-156.6458,28.82
-2.8958,-156.4375,28.84
-2.8958,-156.2292,28.97
-2.8958,-156.0208,28.93
-2.8958,-155.8125,28.88
-2.8958,-155.6042,28.93
-2.8958,-155.3958,29.02
-2.8958,-155.1875,29.05
-2.8958,-154.9792,29.09
-2.8958,-154.7708,28.84
-2.8958,-154.5625,29.03
-2.8958,-154.3542,28.86
-2.8958,-154.1458,28.71
-2.8958,-153.9375,28.70
-2.8958,-153.7292,28.72
-2.8958,-153.5208,28.64
-2.8958,-153.3125,28.44
-2.8958,-153.1042,28.43
-2.8958,-152.8958,28.45
-2.8958,-152.6875,28.45
-2.8958,-152.4792,28.47
-2.8958,-152.2708,28.52
-2.8958,-152.0625,28.64
-2.8958,-151.8542,28.61
-2.8958,-151.6458,28.64
-2.8958,-151.4375,28.55
-2.8958,-151.2292,28.39
-2.8958,-151.0208,28.41
-2.8958,-150.8125,28.49
-2.8958,-150.6042,28.57
-2.8958,-150.3958,28.49
-2.8958,-150.1875,28.57
-2.8958,-149.9792,28.51
-2.8958,-149.7708,28.39
-2.8958,-149.5625,28.43
-2.8958,-149.3542,28.27
-2.8958,-149.1458,28.27
-2.8958,-148.9375,28.23
-2.8958,-148.7292,28.11
-2.8958,-148.5208,28.02
-2.8958,-148.3125,27.99
-2.8958,-148.1042,28.18
-2.8958,-147.8958,28.07
-2.8958,-147.6875,28.04
-2.8958,-147.4792,27.97
-2.8958,-147.2708,27.86
-2.8958,-147.0625,27.98
-2.8958,-146.8542,28.11
-2.8958,-146.6458,27.91
-2.8958,-146.4375,28.05
-2.8958,-146.2292,28.09
-2.8958,-146.0208,28.09
-2.8958,-145.8125,28.15
-2.8958,-145.6042,28.11
-2.8958,-145.3958,28.36
-2.8958,-145.1875,28.45
-2.8958,-144.9792,28.45
-2.8958,-144.7708,28.49
-2.8958,-144.5625,28.53
-2.8958,-144.3542,28.42
-2.8958,-144.1458,28.36
-2.8958,-143.9375,28.44
-2.8958,-143.7292,28.22
-2.8958,-143.5208,28.25
-2.8958,-143.3125,28.35
-2.8958,-143.1042,28.34
-2.8958,-142.8958,28.30
-2.8958,-142.6875,28.27
-2.8958,-142.4792,28.22
-2.8958,-142.2708,28.36
-2.8958,-142.0625,28.24
-2.8958,-141.8542,28.25
-2.8958,-141.6458,28.22
-2.8958,-141.4375,28.29
-2.8958,-141.2292,28.24
-2.8958,-141.0208,28.22
-2.8958,-140.8125,28.18
-2.8958,-140.6042,28.15
-2.8958,-140.3958,27.92
-2.8958,-140.1875,27.82
-2.8958,-139.9792,27.87
-2.8958,-139.7708,27.83
-2.8958,-139.5625,27.78
-2.8958,-139.3542,27.68
-2.8958,-139.1458,27.71
-2.8958,-138.9375,27.74
-2.8958,-138.7292,27.62
-2.8958,-138.5208,27.59
-2.8958,-138.3125,27.61
-2.8958,-138.1042,27.62
-2.8958,-137.8958,27.56
-2.8958,-137.6875,27.43
-2.8958,-137.4792,27.56
-2.8958,-137.2708,27.47
-2.8958,-137.0625,27.61
-2.8958,-136.8542,27.65
-2.8958,-136.6458,27.59
-2.8958,-136.4375,27.66
-2.8958,-136.2292,27.56
-2.8958,-136.0208,27.52
-2.8958,-135.8125,27.52
-2.8958,-135.6042,27.61
-2.8958,-135.3958,27.72
-2.8958,-135.1875,27.70
-2.8958,-134.9792,27.64
-2.8958,-134.7708,27.70
-2.8958,-134.5625,27.81
-2.8958,-134.3542,27.59
-2.8958,-134.1458,27.56
-2.8958,-133.9375,27.74
-2.8958,-133.7292,27.42
-2.8958,-133.5208,27.47
-2.8958,-133.3125,27.62
-2.8958,-133.1042,27.46
-2.8958,-132.8958,27.60
-2.8958,-132.6875,27.69
-2.8958,-132.4792,27.74
-2.8958,-132.2708,27.73
-2.8958,-132.0625,27.73
-2.8958,-131.8542,27.75
-2.8958,-131.6458,27.71
-2.8958,-131.4375,27.84
-2.8958,-131.2292,27.65
-2.8958,-131.0208,27.67
-2.8958,-130.8125,27.79
-2.8958,-130.6042,27.66
-2.8958,-130.3958,27.65
-2.8958,-130.1875,27.70
-2.8958,-129.9792,27.79
-2.8958,-129.7708,27.56
-2.8958,-129.5625,27.49
-2.8958,-129.3542,27.39
-2.8958,-129.1458,27.32
-2.8958,-128.9375,27.41
-2.8958,-128.7292,27.29
-2.8958,-128.5208,27.34
-2.8958,-128.3125,27.49
-2.8958,-128.1042,27.38
-2.8958,-127.8958,27.31
-2.8958,-127.6875,27.38
-2.8958,-127.4792,27.32
-2.8958,-127.2708,27.32
-2.8958,-127.0625,27.21
-2.8958,-126.8542,27.44
-2.8958,-126.6458,27.36
-2.8958,-126.4375,27.47
-2.8958,-126.2292,27.28
-2.8958,-126.0208,27.27
-2.8958,-125.8125,27.30
-2.8958,-125.6042,27.54
-2.8958,-125.3958,27.46
-2.8958,-125.1875,27.46
-2.8958,-124.9792,27.44
-2.8958,-124.7708,27.65
-2.8958,-124.5625,27.33
-2.8958,-124.3542,27.33
-2.8958,-124.1458,27.37
-2.8958,-123.9375,27.36
-2.8958,-123.7292,27.47
-2.8958,-123.5208,27.23
-2.8958,-123.3125,27.32
-2.8958,-123.1042,27.34
-2.8958,-122.8958,27.30
-2.8958,-122.6875,27.20
-2.8958,-122.4792,27.22
-2.8958,-122.2708,27.18
-2.8958,-122.0625,27.11
-2.8958,-121.8542,27.05
-2.8958,-121.6458,27.05
-2.8958,-121.4375,27.02
-2.8958,-121.2292,26.95
-2.8958,-121.0208,26.89
-2.8958,-120.8125,26.96
-2.8958,-120.6042,26.86
-2.8958,-120.3958,26.75
-2.8958,-120.1875,26.86
-3.1042,-169.9792,29.07
-3.1042,-169.7708,29.18
-3.1042,-169.5625,29.02
-3.1042,-169.3542,29.00
-3.1042,-169.1458,28.90
-3.1042,-168.9375,28.99
-3.1042,-168.7292,28.88
-3.1042,-168.5208,28.89
-3.1042,-168.3125,28.85
-3.1042,-168.1042,28.82
-3.1042,-167.8958,28.89
-3.1042,-167.6875,29.14
-3.1042,-167.4792,29.17
-3.1042,-167.2708,29.07
-3.1042,-167.0625,29.40
-3.1042,-166.8542,29.20
-3.1042,-166.6458,29.15
-3.1042,-166.4375,29.04
-3.1042,-166.2292,28.93
-3.1042,-166.0208,29.00
-3.1042,-165.8125,29.04
-3.1042,-165.6042,28.97
-3.1042,-165.3958,29.06
-3.1042,-165.1875,28.90
-3.1042,-164.9792,29.18
-3.1042,-164.7708,28.98
-3.1042,-164.5625,28.79
-3.1042,-164.3542,29.01
-3.1042,-164.1458,29.02
-3.1042,-163.9375,28.86
-3.1042,-163.7292,28.81
-3.1042,-163.5208,28.74
-3.1042,-163.3125,28.80
-3.1042,-163.1042,28.82
-3.1042,-162.8958,28.69
-3.1042,-162.6875,28.81
-3.1042,-162.4792,28.73
-3.1042,-162.2708,28.62
-3.1042,-162.0625,28.64
-3.1042,-161.8542,28.59
-3.1042,-161.6458,28.54
-3.1042,-161.4375,28.52
-3.1042,-161.2292,28.64
-3.1042,-161.0208,28.63
-3.1042,-160.8125,28.77
-3.1042,-160.6042,28.66
-3.1042,-160.3958,28.75
-3.1042,-160.1875,28.67
-3.1042,-159.9792,28.59
-3.1042,-159.7708,28.59
-3.1042,-159.5625,28.45
-3.1042,-159.3542,28.44
-3.1042,-159.1458,28.54
-3.1042,-158.9375,28.65
-3.1042,-158.7292,28.76
-3.1042,-158.5208,28.72
-3.1042,-158.3125,28.66
-3.1042,-158.1042,28.65
-3.1042,-157.8958,28.80
-3.1042,-157.6875,28.68
-3.1042,-157.4792,28.89
-3.1042,-157.2708,28.86
-3.1042,-157.0625,28.79
-3.1042,-156.8542,28.83
-3.1042,-156.6458,28.92
-3.1042,-156.4375,28.91
-3.1042,-156.2292,29.03
-3.1042,-156.0208,29.02
-3.1042,-155.8125,28.96
-3.1042,-155.6042,28.91
-3.1042,-155.3958,29.06
-3.1042,-155.1875,29.07
-3.1042,-154.9792,29.07
-3.1042,-154.7708,28.99
-3.1042,-154.5625,28.89
-3.1042,-154.3542,28.85
-3.1042,-154.1458,28.82
-3.1042,-153.9375,28.75
-3.1042,-153.7292,28.53
-3.1042,-153.5208,28.69
-3.1042,-153.3125,28.59
-3.1042,-153.1042,28.58
-3.1042,-152.8958,28.60
-3.1042,-152.6875,28.45
-3.1042,-152.4792,28.48
-3.1042,-152.2708,28.50
-3.1042,-152.0625,28.55
-3.1042,-151.8542,28.68
-3.1042,-151.6458,28.60
-3.1042,-151.4375,28.55
-3.1042,-151.2292,28.47
-3.1042,-151.0208,28.47
-3.1042,-150.8125,28.48
-3.1042,-150.6042,28.50
-3.1042,-150.3958,28.52
-3.1042,-150.1875,28.51
-3.1042,-149.9792,28.50
-3.1042,-149.7708,28.39
-3.1042,-149.5625,28.34
-3.1042,-149.3542,28.32
-3.1042,-149.1458,28.45
-3.1042,-148.9375,28.32
-3.1042,-148.7292,28.24
-3.1042,-148.5208,28.16
-3.1042,-148.3125,27.99
-3.1042,-148.1042,28.00
-3.1042,-147.8958,27.94
-3.1042,-147.6875,28.12
-3.1042,-147.4792,28.11
-3.1042,-147.2708,27.89
-3.1042,-147.0625,27.91
-3.1042,-146.8542,28.05
-3.1042,-146.6458,28.06
-3.1042,-146.4375,28.06
-3.1042,-146.2292,28.15
-3.1042,-146.0208,28.12
-3.1042,-145.8125,28.23
-3.1042,-145.6042,28.38
-3.1042,-145.3958,28.27
-3.1042,-145.1875,28.40
-3.1042,-144.9792,28.50
-3.1042,-144.7708,28.56
-3.1042,-144.5625,28.50
-3.1042,-144.3542,28.43
-3.1042,-144.1458,28.41
-3.1042,-143.9375,28.47
-3.1042,-143.7292,28.29
-3.1042,-143.5208,28.43
-3.1042,-143.3125,28.38
-3.1042,-143.1042,28.40
-3.1042,-142.8958,28.35
-3.1042,-142.6875,28.36
-3.1042,-142.4792,28.43
-3.1042,-142.2708,28.36
-3.1042,-142.0625,28.34
-3.1042,-141.8542,28.36
-3.1042,-141.6458,28.20
-3.1042,-141.4375,28.34
-3.1042,-141.2292,28.39
-3.1042,-141.0208,28.24
-3.1042,-140.8125,28.05
-3.1042,-140.6042,28.21
-3.1042,-140.3958,28.02
-3.1042,-140.1875,27.89
-3.1042,-139.9792,27.84
-3.1042,-139.7708,27.83
-3.1042,-139.5625,27.70
-3.1042,-139.3542,27.74
-3.1042,-139.1458,27.82
-3.1042,-138.9375,27.84
-3.1042,-138.7292,27.86
-3.1042,-138.5208,27.70
-3.1042,-138.3125,27.61
-3.1042,-138.1042,27.69
-3.1042,-137.8958,27.71
-3.1042,-137.6875,27.59
-3.1042,-137.4792,27.62
-3.1042,-137.2708,27.64
-3.1042,-137.0625,27.76
-3.1042,-136.8542,27.74
-3.1042,-136.6458,27.93
-3.1042,-136.4375,27.82
-3.1042,-136.2292,27.80
-3.1042,-136.0208,27.93
-3.1042,-135.8125,27.83
-3.1042,-135.6042,27.77
-3.1042,-135.3958,27.88
-3.1042,-135.1875,27.72
-3.1042,-134.9792,27.67
-3.1042,-134.7708,27.58
-3.1042,-134.5625,27.68
-3.1042,-134.3542,27.68
-3.1042,-134.1458,27.87
-3.1042,-133.9375,27.74
-3.1042,-133.7292,27.50
-3.1042,-133.5208,27.66
-3.1042,-133.3125,27.65
-3.1042,-133.1042,27.56
-3.1042,-132.8958,27.62
-3.1042,-132.6875,27.73
-3.1042,-132.4792,27.88
-3.1042,-132.2708,27.80
-3.1042,-132.0625,27.86
-3.1042,-131.8542,27.78
-3.1042,-131.6458,27.75
-3.1042,-131.4375,27.77
-3.1042,-131.2292,27.73
-3.1042,-131.0208,27.66
-3.1042,-130.8125,27.74
-3.1042,-130.6042,27.62
-3.1042,-130.3958,27.70
-3.1042,-130.1875,27.71
-3.1042,-129.9792,27.74
-3.1042,-129.7708,27.66
-3.1042,-129.5625,27.40
-3.1042,-129.3542,27.38
-3.1042,-129.1458,27.43
-3.1042,-128.9375,27.30
-3.1042,-128.7292,27.55
-3.1042,-128.5208,27.42
-3.1042,-128.3125,27.48
-3.1042,-128.1042,27.54
-3.1042,-127.8958,27.52
-3.1042,-127.6875,27.24
-3.1042,-127.4792,27.27
-3.1042,-127.2708,27.38
-3.1042,-127.0625,27.40
-3.1042,-126.8542,27.40
-3.1042,-126.6458,27.47
-3.1042,-126.4375,27.39
-3.1042,-126.2292,27.36
-3.1042,-126.0208,27.36
-3.1042,-125.8125,27.32
-3.1042,-125.6042,27.40
-3.1042,-125.3958,27.68
-3.1042,-125.1875,27.65
-3.1042,-124.9792,27.65
-3.1042,-124.7708,27.34
-3.1042,-124.5625,27.52
-3.1042,-124.3542,27.56
-3.1042,-124.1458,27.54
-3.1042,-123.9375,27.47
-3.1042,-123.7292,27.45
-3.1042,-123.5208,27.51
-3.1042,-123.3125,27.43
-3.1042,-123.1042,27.41
-3.1042,-122.8958,27.36
-3.1042,-122.6875,27.43
-3.1042,-122.4792,27.43
-3.1042,-122.2708,27.28
-3.1042,-122.0625,27.07
-3.1042,-121.8542,27.16
-3.1042,-121.6458,27.30
-3.1042,-121.4375,27.27
-3.1042,-121.2292,27.04
-3.1042,-121.0208,26.83
-3.1042,-120.8125,26.97
-3.1042,-120.6042,27.00
-3.1042,-120.3958,26.87
-3.1042,-120.1875,26.86
-3.3125,-169.9792,29.09
-3.3125,-169.7708,29.15
-3.3125,-169.5625,29.36
-3.3125,-169.3542,29.17
-3.3125,-169.1458,29.06
-3.3125,-168.9375,29.04
-3.3125,-168.7292,28.96
-3.3125,-168.5208,28.98
-3.3125,-168.3125,28.98
-3.3125,-168.1042,28.88
-3.3125,-167.8958,29.05
-3.3125,-167.6875,28.96
-3.3125,-167.4792,29.10
-3.3125,-167.2708,29.18
-3.3125,-167.0625,29.21
-3.3125,-166.8542,29.22
-3.3125,-166.6458,29.34
-3.3125,-166.4375,29.14
-3.3125,-166.2292,29.06
-3.3125,-166.0208,28.97
-3.3125,-165.8125,28.93
-3.3125,-165.6042,28.96
-3.3125,-165.3958,28.98
-3.3125,-165.1875,29.11
-3.3125,-164.9792,29.13
-3.3125,-164.7708,29.09
-3.3125,-164.5625,29.06
-3.3125,-164.3542,28.90
-3.3125,-164.1458,28.81
-3.3125,-163.9375,28.93
-3.3125,-163.7292,28.95
-3.3125,-163.5208,28.77
-3.3125,-163.3125,28.82
-3.3125,-163.1042,28.77
-3.3125,-162.8958,28.74
-3.3125,-162.6875,28.77
-3.3125,-162.4792,28.80
-3.3125,-162.2708,28.85
-3.3125,-162.0625,28.79
-3.3125,-161.8542,28.71
-3.3125,-161.6458,28.70
-3.3125,-161.4375,28.58
-3.3125,-161.2292,28.89
-3.3125,-161.0208,28.79
-3.3125,-160.8125,28.84
-3.3125,-160.6042,28.75
-3.3125,-160.3958,28.92
-3.3125,-160.1875,28.80
-3.3125,-159.9792,28.63
-3.3125,-159.7708,28.50
-3.3125,-159.5625,28.54
-3.3125,-159.3542,28.59
-3.3125,-159.1458,28.72
-3.3125,-158.9375,28.70
-3.3125,-158.7292,28.73
-3.3125,-158.5208,28.89
-3.3125,-158.3125,28.81
-3.3125,-158.1042,28.78
-3.3125,-157.8958,28.69
-3.3125,-157.6875,28.89
-3.3125,-157.4792,28.97
-3.3125,-157.2708,28.91
-3.3125,-157.0625,28.89
-3.3125,-156.8542,28.81
-3.3125,-156.6458,28.94
-3.3125,-156.4375,29.02
-3.3125,-156.2292,28.95
-3.3125,-156.0208,29.03
-3.3125,-155.8125,29.00
-3.3125,-155.6042,28.90
-3.3125,-155.3958,29.10
-3.3125,-155.1875,28.97
-3.3125,-154.9792,29.05
-3.3125,-154.7708,28.99
-3.3125,-154.5625,28.93
-3.3125,-154.3542,28.86
-3.3125,-154.1458,28.66
-3.3125,-153.9375,28.61
-3.3125,-153.7292,28.65
-3.3125,-153.5208,28.47
-3.3125,-153.3125,28.59
-3.3125,-153.1042,28.62
-3.3125,-152.8958,28.55
-3.3125,-152.6875,28.56
-3.3125,-152.4792,28.54
-3.3125,-152.2708,28.34
-3.3125,-152.0625,28.64
-3.3125,-151.8542,28.53
-3.3125,-151.6458,28.57
-3.3125,-151.4375,28.47
-3.3125,-151.2292,28.62
-3.3125,-151.0208,28.64
-3.3125,-150.8125,28.54
-3.3125,-150.6042,28.49
-3.3125,-150.3958,28.43
-3.3125,-150.1875,28.46
-3.3125,-149.9792,28.31
-3.3125,-149.7708,28.39
-3.3125,-149.5625,28.44
-3.3125,-149.3542,28.47
-3.3125,-149.1458,28.42
-3.3125,-148.9375,28.39
-3.3125,-148.7292,28.34
-3.3125,-148.5208,28.20
-3.3125,-148.3125,28.16
-3.3125,-148.1042,28.21
-3.3125,-147.8958,28.22
-3.3125,-147.6875,28.18
-3.3125,-147.4792,28.22
-3.3125,-147.2708,28.07
-3.3125,-147.0625,28.04
-3.3125,-146.8542,28.10
-3.3125,-146.6458,28.33
-3.3125,-146.4375,28.16
-3.3125,-146.2292,28.26
-3.3125,-146.0208,28.23
-3.3125,-145.8125,28.38
-3.3125,-145.6042,28.32
-3.3125,-145.3958,28.48
-3.3125,-145.1875,28.55
-3.3125,-144.9792,28.49
-3.3125,-144.7708,28.48
-3.3125,-144.5625,28.61
-3.3125,-144.3542,28.49
-3.3125,-144.1458,28.38
-3.3125,-143.9375,28.44
-3.3125,-143.7292,28.45
-3.3125,-143.5208,28.53
-3.3125,-143.3125,28.41
-3.3125,-143.1042,28.49
-3.3125,-142.8958,28.52
-3.3125,-142.6875,28.47
-3.3125,-142.4792,28.59
-3.3125,-142.2708,28.62
-3.3125,-142.0625,28.39
-3.3125,-141.8542,28.43
-3.3125,-141.6458,28.46
-3.3125,-141.4375,28.50
-3.3125,-141.2292,28.30
-3.3125,-141.0208,28.32
-3.3125,-140.8125,28.20
-3.3125,-140.6042,28.11
-3.3125,-140.3958,28.10
-3.3125,-140.1875,28.28
-3.3125,-139.9792,28.10
-3.3125,-139.7708,27.79
-3.3125,-139.5625,27.89
-3.3125,-139.3542,27.87
-3.3125,-139.1458,27.89
-3.3125,-138.9375,27.80
-3.3125,-138.7292,27.75
-3.3125,-138.5208,27.86
-3.3125,-138.3125,27.84
-3.3125,-138.1042,27.77
-3.3125,-137.8958,27.80
-3.3125,-137.6875,27.86
-3.3125,-137.4792,27.79
-3.3125,-137.2708,27.91
-3.3125,-137.0625,27.81
-3.3125,-136.8542,27.82
-3.3125,-136.6458,28.01
-3.3125,-136.4375,28.09
-3.3125,-136.2292,28.03
-3.3125,-136.0208,27.86
-3.3125,-135.8125,27.95
-3.3125,-135.6042,27.77
-3.3125,-135.3958,27.78
-3.3125,-135.1875,27.90
-3.3125,-134.9792,27.66
-3.3125,-134.7708,27.86
-3.3125,-134.5625,27.75
-3.3125,-134.3542,27.83
-3.3125,-134.1458,27.80
-3.3125,-133.9375,27.67
-3.3125,-133.7292,27.59
-3.3125,-133.5208,27.89
-3.3125,-133.3125,27.59
-3.3125,-133.1042,27.72
-3.3125,-132.8958,27.69
-3.3125,-132.6875,27.77
-3.3125,-132.4792,27.79
-3.3125,-132.2708,27.90
-3.3125,-132.0625,27.77
-3.3125,-131.8542,27.82
-3.3125,-131.6458,27.75
-3.3125,-131.4375,27.80
-3.3125,-131.2292,27.69
-3.3125,-131.0208,27.75
-3.3125,-130.8125,27.72
-3.3125,-130.6042,27.86
-3.3125,-130.3958,27.77
-3.3125,-130.1875,27.68
-3.3125,-129.9792,27.78
-3.3125,-129.7708,27.60
-3.3125,-129.5625,27.60
-3.3125,-129.3542,27.57
-3.3125,-129.1458,27.52
-3.3125,-128.9375,27.42
-3.3125,-128.7292,27.55
-3.3125,-128.5208,27.49
-3.3125,-128.3125,27.41
-3.3125,-128.1042,27.59
-3.3125,-127.8958,27.52
-3.3125,-127.6875,27.70
-3.3125,-127.4792,27.52
-3.3125,-127.2708,27.49
-3.3125,-127.0625,27.40
-3.3125,-126.8542,27.50
-3.3125,-126.6458,27.47
-3.3125,-126.4375,27.45
-3.3125,-126.2292,27.40
-3.3125,-126.0208,27.56
-3.3125,-125.8125,27.62
-3.3125,-125.6042,27.68
-3.3125,-125.3958,27.61
-3.3125,-125.1875,27.62
-3.3125,-124.9792,27.77
-3.3125,-124.7708,27.70
-3.3125,-124.5625,27.68
-3.3125,-124.3542,27.62
-3.3125,-124.1458,27.64
-3.3125,-123.9375,27.59
-3.3125,-123.7292,27.47
-3.3125,-123.5208,27.44
-3.3125,-123.3125,27.47
-3.3125,-123.1042,27.38
-3.3125,-122.8958,27.29
-3.3125,-122.6875,27.49
-3.3125,-122.4792,27.17
-3.3125,-122.2708,27.39
-3.3125,-122.0625,27.27
-3.3125,-121.8542,27.11
-3.3125,-121.6458,27.16
-3.3125,-121.4375,27.14
-3.3125,-121.2292,27.25
-3.3125,-121.0208,26.93
-3.3125,-120.8125,26.99
-3.3125,-120.6042,27.05
-3.3125,-120.3958,26.81
-3.3125,-120.1875,26.80
-3.5208,-169.9792,29.34
-3.5208,-169.7708,29.32
-3.5208,-169.5625,29.29
-3.5208,-169.3542,29.43
-3.5208,-169.1458,29.32
-3.5208,-168.9375,29.23
-3.5208,-168.7292,29.32
-3.5208,-168.5208,29.20
-3.5208,-168.3125,29.09
-3.5208,-168.1042,29.12
-3.5208,-167.8958,29.09
-3.5208,-167.6875,28.97
-3.5208,-167.4792,29.29
-3.5208,-167.2708,29.34
-3.5208,-167.0625,29.04
-3.5208,-166.8542,29.36
-3.5208,-166.6458,29.20
-3.5208,-166.4375,29.07
-3.5208,-166.2292,29.10
-3.5208,-166.0208,29.01
-3.5208,-165.8125,28.93
-3.5208,-165.6042,29.00
-3.5208,-165.3958,29.03
-3.5208,-165.1875,29.16
-3.5208,-164.9792,29.06
-3.5208,-164.7708,28.98
-3.5208,-164.5625,29.09
-3.5208,-164.3542,29.03
-3.5208,-164.1458,29.14
-3.5208,-163.9375,28.99
-3.5208,-163.7292,28.91
-3.5208,-163.5208,29.02
-3.5208,-163.3125,28.86
-3.5208,-163.1042,28.79
-3.5208,-162.8958,28.83
-3.5208,-162.6875,28.89
-3.5208,-162.4792,28.83
-3.5208,-162.2708,28.88
-3.5208,-162.0625,28.86
-3.5208,-161.8542,28.95
-3.5208,-161.6458,28.80
-3.5208,-161.4375,28.82
-3.5208,-161.2292,28.97
-3.5208,-161.0208,28.98
-3.5208,-160.8125,28.92
-3.5208,-160.6042,28.77
-3.5208,-160.3958,28.89
-3.5208,-160.1875,28.75
-3.5208,-159.9792,28.74
-3.5208,-159.7708,28.68
-3.5208,-159.5625,28.88
-3.5208,-159.3542,28.79
-3.5208,-159.1458,28.82
-3.5208,-158.9375,28.82
-3.5208,-158.7292,28.94
-3.5208,-158.5208,28.90
-3.5208,-158.3125,28.75
-3.5208,-158.1042,28.71
-3.5208,-157.8958,28.73
-3.5208,-157.6875,28.90
-3.5208,-157.4792,29.11
-3.5208,-157.2708,28.94
-3.5208,-157.0625,28.88
-3.5208,-156.8542,28.81
-3.5208,-156.6458,28.98
-3.5208,-156.4375,28.95
-3.5208,-156.2292,28.99
-3.5208,-156.0208,29.03
-3.5208,-155.8125,29.05
-3.5208,-155.6042,29.07
-3.5208,-155.3958,29.14
-3.5208,-155.1875,29.03
-3.5208,-154.9792,29.07
-3.5208,-154.7708,28.93
-3.5208,-154.5625,28.97
-3.5208,-154.3542,28.84
-3.5208,-154.1458,28.78
-3.5208,-153.9375,28.82
-3.5208,-153.7292,28.82
-3.5208,-153.5208,28.81
-3.5208,-153.3125,28.72
-3.5208,-153.1042,28.64
-3.5208,-152.8958,28.44
-3.5208,-152.6875,28.41
-3.5208,-152.4792,28.42
-3.5208,-152.2708,28.41
-3.5208,-152.0625,28.43
-3.5208,-151.8542,28.52
-3.5208,-151.6458,28.51
-3.5208,-151.4375,28.73
-3.5208,-151.2292,28.64
-3.5208,-151.0208,28.61
-3.5208,-150.8125,28.54
-3.5208,-150.6042,28.60
-3.5208,-150.3958,28.55
-3.5208,-150.1875,28.42
-3.5208,-149.9792,28.49
-3.5208,-149.7708,28.53
-3.5208,-149.5625,28.54
-3.5208,-149.3542,28.48
-3.5208,-149.1458,28.48
-3.5208,-148.9375,28.59
-3.5208,-148.7292,28.73
-3.5208,-148.5208,28.45
-3.5208,-148.3125,28.29
-3.5208,-148.1042,28.27
-3.5208,-147.8958,28.29
-3.5208,-147.6875,28.30
-3.5208,-147.4792,28.33
-3.5208,-147.2708,28.10
-3.5208,-147.0625,28.14
-3.5208,-146.8542,28.15
-3.5208,-146.6458,28.49
-3.5208,-146.4375,28.27
-3.5208,-146.2292,28.35
-3.5208,-146.0208,28.38
-3.5208,-145.8125,28.49
-3.5208,-145.6042,28.41
-3.5208,-145.3958,28.56
-3.5208,-145.1875,28.54
-3.5208,-144.9792,28.45
-3.5208,-144.7708,28.61
-3.5208,-144.5625,28.53
-3.5208,-144.3542,28.71
-3.5208,-144.1458,28.57
-3.5208,-143.9375,28.55
-3.5208,-143.7292,28.47
-3.5208,-143.5208,28.42
-3.5208,-143.3125,28.47
-3.5208,-143.1042,28.41
-3.5208,-142.8958,28.55
-3.5208,-142.6875,28.62
-3.5208,-142.4792,28.58
-3.5208,-142.2708,28.57
-3.5208,-142.0625,28.54
-3.5208,-141.8542,28.36
-3.5208,-141.6458,28.30
-3.5208,-141.4375,28.42
-3.5208,-141.2292,28.43
-3.5208,-141.0208,28.39
-3.5208,-140.8125,28.30
-3.5208,-140.6042,28.39
-3.5208,-140.3958,28.17
-3.5208,-140.1875,28.14
-3.5208,-139.9792,27.96
-3.5208,-139.7708,27.99
-3.5208,-139.5625,27.90
-3.5208,-139.3542,27.82
-3.5208,-139.1458,27.85
-3.5208,-138.9375,27.86
-3.5208,-138.7292,27.68
-3.5208,-138.5208,27.65
-3.5208,-138.3125,27.81
-3.5208,-138.1042,27.82
-3.5208,-137.8958,27.85
-3.5208,-137.6875,27.82
-3.5208,-137.4792,27.84
-3.5208,-137.2708,28.06
-3.5208,-137.0625,28.09
-3.5208,-136.8542,27.96
-3.5208,-136.6458,28.00
-3.5208,-136.4375,28.12
-3.5208,-136.2292,28.25
-3.5208,-136.0208,28.06
-3.5208,-135.8125,28.18
-3.5208,-135.6042,28.11
-3.5208,-135.3958,27.97
-3.5208,-135.1875,27.93
-3.5208,-134.9792,28.05
-3.5208,-134.7708,27.84
-3.5208,-134.5625,27.86
-3.5208,-134.3542,27.74
-3.5208,-134.1458,27.77
-3.5208,-133.9375,27.70
-3.5208,-133.7292,27.90
-3.5208,-133.5208,27.68
-3.5208,-133.3125,27.75
-3.5208,-133.1042,27.76
-3.5208,-132.8958,27.75
-3.5208,-132.6875,27.85
-3.5208,-132.4792,27.91
-3.5208,-132.2708,27.96
-3.5208,-132.0625,27.79
-3.5208,-131.8542,27.84
-3.5208,-131.6458,27.75
-3.5208,-131.4375,27.77
-3.5208,-131.2292,27.86
-3.5208,-131.0208,27.77
-3.5208,-130.8125,27.74
-3.5208,-130.6042,27.86
-3.5208,-130.3958,27.96
-3.5208,-130.1875,27.59
-3.5208,-129.9792,27.70
-3.5208,-129.7708,27.63
-3.5208,-129.5625,27.60
-3.5208,-129.3542,27.53
-3.5208,-129.1458,27.55
-3.5208,-128.9375,27.38
-3.5208,-128.7292,27.41
-3.5208,-128.5208,27.61
-3.5208,-128.3125,27.52
-3.5208,-128.1042,27.57
-3.5208,-127.8958,27.59
-3.5208,-127.6875,27.49
-3.5208,-127.4792,27.64
-3.5208,-127.2708,27.65
-3.5208,-127.0625,27.59
-3.5208,-126.8542,27.59
-3.5208,-126.6458,27.65
-3.5208,-126.4375,27.62
-3.5208,-126.2292,27.66
-3.5208,-126.0208,27.84
-3.5208,-125.8125,27.68
-3.5208,-125.6042,27.75
-3.5208,-125.3958,27.70
-3.5208,-125.1875,27.69
-3.5208,-124.9792,27.64
-3.5208,-124.7708,27.61
-3.5208,-124.5625,27.59
-3.5208,-124.3542,27.69
-3.5208,-124.1458,27.66
-3.5208,-123.9375,27.61
-3.5208,-123.7292,27.55
-3.5208,-123.5208,27.47
-3.5208,-123.3125,27.40
-3.5208,-123.1042,27.35
-3.5208,-122.8958,27.50
-3.5208,-122.6875,27.27
-3.5208,-122.4792,27.40
-3.5208,-122.2708,27.36
-3.5208,-122.0625,27.14
-3.5208,-121.8542,27.18
-3.5208,-121.6458,27.09
-3.5208,-121.4375,27.35
-3.5208,-121.2292,27.11
-3.5208,-121.0208,26.90
-3.5208,-120.8125,27.00
-3.5208,-120.6042,26.95
-3.5208,-120.3958,26.90
-3.5208,-120.1875,26.81
-3.7292,-169.9792,29.47
-3.7292,-169.7708,29.43
-3.7292,-169.5625,29.45
-3.7292,-169.3542,29.64
-3.7292,-169.1458,29.35
-3.7292,-168.9375,29.25
-3.7292,-168.7292,29.28
-3.7292,-168.5208,29.34
-3.7292,-168.3125,29.18
-3.7292,-168.1042,29.24
-3.7292,-167.8958,29.13
-3.7292,-167.6875,29.06
-3.7292,-167.4792,29.26
-3.7292,-167.2708,29.17
-3.7292,-167.0625,29.25
-3.7292,-166.8542,29.53
-3.7292,-166.6458,29.19
-3.7292,-166.4375,29.01
-3.7292,-166.2292,29.06
-3.7292,-166.0208,29.09
-3.7292,-165.8125,29.12
-3.7292,-165.6042,29.05
-3.7292,-165.3958,29.05
-3.7292,-165.1875,28.98
-3.7292,-164.9792,29.14
-3.7292,-164.7708,29.14
-3.7292,-164.5625,29.04
-3.7292,-164.3542,29.04
-3.7292,-164.1458,29.01
-3.7292,-163.9375,29.06
-3.7292,-163.7292,28.94
-3.7292,-163.5208,28.91
-3.7292,-163.3125,28.86
-3.7292,-163.1042,28.89
-3.7292,-162.8958,28.84
-3.7292,-162.6875,28.89
-3.7292,-162.4792,28.83
-3.7292,-162.2708,28.94
-3.7292,-162.0625,28.96
-3.7292,-161.8542,28.90
-3.7292,-161.6458,29.05
-3.7292,-161.4375,28.98
-3.7292,-161.2292,28.90
-3.7292,-161.0208,28.85
-3.7292,-160.8125,28.78
-3.7292,-160.6042,29.02
-3.7292,-160.3958,28.76
-3.7292,-160.1875,28.66
-3.7292,-159.9792,28.71
-3.7292,-159.7708,28.79
-3.7292,-159.5625,28.97
-3.7292,-159.3542,28.80
-3.7292,-159.1458,28.93
-3.7292,-158.9375,28.86
-3.7292,-158.7292,28.94
-3.7292,-158.5208,28.92
-3.7292,-158.3125,28.82
-3.7292,-158.1042,28.88
-3.7292,-157.8958,28.89
-3.7292,-157.6875,29.00
-3.7292,-157.4792,28.99
-3.7292,-157.2708,28.98
-3.7292,-157.0625,28.94
-3.7292,-156.8542,28.80
-3.7292,-156.6458,28.83
-3.7292,-156.4375,28.94
-3.7292,-156.2292,29.02
-3.7292,-156.0208,29.11
-3.7292,-155.8125,29.23
-3.7292,-155.6042,29.20
-3.7292,-155.3958,29.32
-3.7292,-155.1875,29.14
-3.7292,-154.9792,29.12
-3.7292,-154.7708,29.14
-3.7292,-154.5625,29.04
-3.7292,-154.3542,28.93
-3.7292,-154.1458,28.88
-3.7292,-153.9375,28.73
-3.7292,-153.7292,28.63
-3.7292,-153.5208,28.72
-3.7292,-153.3125,28.68
-3.7292,-153.1042,28.62
-3.7292,-152.8958,28.58
-3.7292,-152.6875,28.51
-3.7292,-152.4792,28.46
-3.7292,-152.2708,28.45
-3.7292,-152.0625,28.45
-3.7292,-151.8542,28.57
-3.7292,-151.6458,28.68
-3.7292,-151.4375,28.71
-3.7292,-151.2292,28.88
-3.7292,-151.0208,28.72
-3.7292,-150.8125,28.59
-3.7292,-150.6042,28.61
-3.7292,-150.3958,28.61
-3.7292,-150.1875,28.79
-3.7292,-149.9792,28.58
-3.7292,-149.7708,28.50
-3.7292,-149.5625,28.61
-3.7292,-149.3542,28.50
-3.7292,-149.1458,28.48
-3.7292,-148.9375,28.59
-3.7292,-148.7292,28.59
-3.7292,-148.5208,28.45
-3.7292,-148.3125,28.49
-3.7292,-148.1042,28.35
-3.7292,-147.8958,28.39
-3.7292,-147.6875,28.19
-3.7292,-147.4792,28.20
-3.7292,-147.2708,28.22
-3.7292,-147.0625,28.29
-3.7292,-146.8542,28.27
-3.7292,-146.6458,28.23
-3.7292,-146.4375,28.30
-3.7292,-146.2292,28.39
-3.7292,-146.0208,28.59
-3.7292,-145.8125,28.56
-3.7292,-145.6042,28.52
-3.7292,-145.3958,28.64
-3.7292,-145.1875,28.61
-3.7292,-144.9792,28.63
-3.7292,-144.7708,28.52
-3.7292,-144.5625,28.52
-3.7292,-144.3542,28.47
-3.7292,-144.1458,28.39
-3.7292,-143.9375,28.55
-3.7292,-143.7292,28.52
-3.7292,-143.5208,28.39
-3.7292,-143.3125,28.47
-3.7292,-143.1042,28.46
-3.7292,-142.8958,28.50
-3.7292,-142.6875,28.75
-3.7292,-142.4792,28.51
-3.7292,-142.2708,28.61
-3.7292,-142.0625,28.45
-3.7292,-141.8542,28.34
-3.7292,-141.6458,28.43
-3.7292,-141.4375,28.51
-3.7292,-141.2292,28.23
-3.7292,-141.0208,28.09
-3.7292,-140.8125,28.29
-3.7292,-140.6042,28.11
-3.7292,-140.3958,27.98
-3.7292,-140.1875,27.95
-3.7292,-139.9792,27.80
-3.7292,-139.7708,27.64
-3.7292,-139.5625,27.86
-3.7292,-139.3542,27.80
-3.7292,-139.1458,27.82
-3.7292,-138.9375,27.80
-3.7292,-138.7292,27.82
-3.7292,-138.5208,28.02
-3.7292,-138.3125,27.68
-3.7292,-138.1042,27.84
-3.7292,-137.8958,28.04
-3.7292,-137.6875,27.93
-3.7292,-137.4792,28.00
-3.7292,-137.2708,28.00
-3.7292,-137.0625,28.03
-3.7292,-136.8542,27.89
-3.7292,-136.6458,28.16
-3.7292,-136.4375,28.07
-3.7292,-136.2292,28.05
-3.7292,-136.0208,28.30
-3.7292,-135.8125,28.24
-3.7292,-135.6042,28.19
-3.7292,-135.3958,28.02
-3.7292,-135.1875,27.91
-3.7292,-134.9792,27.96
-3.7292,-134.7708,28.08
-3.7292,-134.5625,27.89
-3.7292,-134.3542,27.99
-3.7292,-134.1458,27.81
-3.7292,-133.9375,27.84
-3.7292,-133.7292,27.91
-3.7292,-133.5208,27.85
-3.7292,-133.3125,27.77
-3.7292,-133.1042,27.77
-3.7292,-132.8958,27.79
-3.7292,-132.6875,27.80
-3.7292,-132.4792,27.75
-3.7292,-132.2708,27.73
-3.7292,-132.0625,27.82
-3.7292,-131.8542,27.78
-3.7292,-131.6458,27.80
-3.7292,-131.4375,27.77
-3.7292,-131.2292,27.79
-3.7292,-131.0208,27.67
-3.7292,-130.8125,27.66
-3.7292,-130.6042,27.70
-3.7292,-130.3958,27.65
-3.7292,-130.1875,27.60
-3.7292,-129.9792,27.44
-3.7292,-129.7708,27.46
-3.7292,-129.5625,27.40
-3.7292,-129.3542,27.42
-3.7292,-129.1458,27.55
-3.7292,-128.9375,27.54
-3.7292,-128.7292,27.48
-3.7292,-128.5208,27.81
-3.7292,-128.3125,27.65
-3.7292,-128.1042,27.71
-3.7292,-127.8958,27.72
-3.7292,-127.6875,27.77
-3.7292,-127.4792,27.68
-3.7292,-127.2708,27.78
-3.7292,-127.0625,27.64
-3.7292,-126.8542,27.71
-3.7292,-126.6458,27.66
-3.7292,-126.4375,27.46
-3.7292,-126.2292,27.70
-3.7292,-126.0208,27.76
-3.7292,-125.8125,27.60
-3.7292,-125.6042,27.53
-3.7292,-125.3958,27.63
-3.7292,-125.1875,27.52
-3.7292,-124.9792,27.61
-3.7292,-124.7708,27.55
-3.7292,-124.5625,27.58
-3.7292,-124.3542,27.72
-3.7292,-124.1458,27.54
-3.7292,-123.9375,27.54
-3.7292,-123.7292,27.59
-3.7292,-123.5208,27.56
-3.7292,-123.3125,27.47
-3.7292,-123.1042,27.52
-3.7292,-122.8958,27.15
-3.7292,-122.6875,27.34
-3.7292,-122.4792,27.39
-3.7292,-122.2708,27.34
-3.7292,-122.0625,27.11
-3.7292,-121.8542,27.23
-3.7292,-121.6458,27.20
-3.7292,-121.4375,27.27
-3.7292,-121.2292,27.06
-3.7292,-121.0208,26.95
-3.7292,-120.8125,26.86
-3.7292,-120.6042,26.80
-3.7292,-120.3958,26.90
-3.7292,-120.1875,26.79
-3.9375,-169.9792,29.49
-3.9375,-169.7708,29.57
-3.9375,-169.5625,29.71
-3.9375,-169.3542,29.72
-3.9375,-169.1458,29.55
-3.9375,-168.9375,29.43
-3.9375,-168.7292,29.36
-3.9375,-168.5208,29.30
-3.9375,-168.3125,29.27
-3.9375,-168.1042,29.14
-3.9375,-167.8958,29.15
-3.9375,-167.6875,29.14
-3.9375,-167.4792,29.34
-3.9375,-167.2708,29.29
-3.9375,-167.0625,29.45
-3.9375,-166.8542,29.34
-3.9375,-166.6458,29.20
-3.9375,-166.4375,29.09
-3.9375,-166.2292,29.20
-3.9375,-166.0208,29.17
-3.9375,-165.8125,29.18
-3.9375,-165.6042,29.07
-3.9375,-165.3958,29.16
-3.9375,-165.1875,29.20
-3.9375,-164.9792,29.18
-3.9375,-164.7708,28.97
-3.9375,-164.5625,29.23
-3.9375,-164.3542,29.09
-3.9375,-164.1458,29.11
-3.9375,-163.9375,29.05
-3.9375,-163.7292,29.06
-3.9375,-163.5208,29.15
-3.9375,-163.3125,28.87
-3.9375,-163.1042,28.85
-3.9375,-162.8958,28.84
-3.9375,-162.6875,28.91
-3.9375,-162.4792,28.90
-3.9375,-162.2708,28.82
-3.9375,-162.0625,28.86
-3.9375,-161.8542,28.88
-3.9375,-161.6458,29.05
-3.9375,-161.4375,29.06
-3.9375,-161.2292,29.14
-3.9375,-161.0208,29.15
-3.9375,-160.8125,29.08
-3.9375,-160.6042,29.02
-3.9375,-160.3958,28.96
-3.9375,-160.1875,28.84
-3.9375,-159.9792,28.99
-3.9375,-159.7708,28.93
-3.9375,-159.5625,29.04
-3.9375,-159.3542,28.98
-3.9375,-159.1458,28.98
-3.9375,-158.9375,29.08
-3.9375,-158.7292,28.90
-3.9375,-158.5208,28.95
-3.9375,-158.3125,28.82
-3.9375,-158.1042,28.91
-3.9375,-157.8958,29.01
-3.9375,-157.6875,28.95
-3.9375,-157.4792,28.91
-3.9375,-157.2708,28.89
-3.9375,-157.0625,28.82
-3.9375,-156.8542,28.78
-3.9375,-156.6458,28.90
-3.9375,-156.4375,28.99
-3.9375,-156.2292,29.05
-3.9375,-156.0208,29.18
-3.9375,-155.8125,29.21
-3.9375,-155.6042,29.31
-3.9375,-155.3958,29.30
-3.9375,-155.1875,29.19
-3.9375,-154.9792,29.05
-3.9375,-154.7708,29.11
-3.9375,-154.5625,29.03
-3.9375,-154.3542,28.96
-3.9375,-154.1458,28.86
-3.9375,-153.9375,28.78
-3.9375,-153.7292,28.81
-3.9375,-153.5208,28.77
-3.9375,-153.3125,28.69
-3.9375,-153.1042,28.73
-3.9375,-152.8958,28.76
-3.9375,-152.6875,28.59
-3.9375,-152.4792,28.56
-3.9375,-152.2708,28.71
-3.9375,-152.0625,28.67
-3.9375,-151.8542,28.65
-3.9375,-151.6458,28.81
-3.9375,-151.4375,28.72
-3.9375,-151.2292,28.79
-3.9375,-151.0208,28.91
-3.9375,-150.8125,28.89
-3.9375,-150.6042,28.71
-3.9375,-150.3958,28.86
-3.9375,-150.1875,28.68
-3.9375,-149.9792,28.77
-3.9375,-149.7708,28.80
-3.9375,-149.5625,28.66
-3.9375,-149.3542,28.52
-3.9375,-149.1458,28.43
-3.9375,-148.9375,28.34
-3.9375,-148.7292,28.21
-3.9375,-148.5208,28.49
-3.9375,-148.3125,28.39
-3.9375,-148.1042,28.28
-3.9375,-147.8958,28.36
-3.9375,-147.6875,28.14
-3.9375,-147.4792,28.25
-3.9375,-147.2708,28.38
-3.9375,-147.0625,28.32
-3.9375,-146.8542,28.38
-3.9375,-146.6458,28.36
-3.9375,-146.4375,28.46
-3.9375,-146.2292,28.36
-3.9375,-146.0208,28.61
-3.9375,-145.8125,28.63
-3.9375,-145.6042,28.61
-3.9375,-145.3958,28.73
-3.9375,-145.1875,28.67
-3.9375,-144.9792,28.56
-3.9375,-144.7708,28.56
-3.9375,-144.5625,28.45
-3.9375,-144.3542,28.49
-3.9375,-144.1458,28.45
-3.9375,-143.9375,28.49
-3.9375,-143.7292,28.34
-3.9375,-143.5208,28.42
-3.9375,-143.3125,28.30
-3.9375,-143.1042,28.59
-3.9375,-142.8958,28.74
-3.9375,-142.6875,28.61
-3.9375,-142.4792,28.52
-3.9375,-142.2708,28.46
-3.9375,-142.0625,28.34
-3.9375,-141.8542,28.46
-3.9375,-141.6458,28.55
-3.9375,-141.4375,28.48
-3.9375,-141.2292,28.38
-3.9375,-141.0208,28.30
-3.9375,-140.8125,28.19
-3.9375,-140.6042,28.10
-3.9375,-140.3958,27.90
-3.9375,-140.1875,27.92
-3.9375,-139.9792,27.77
-3.9375,-139.7708,28.02
-3.9375,-139.5625,27.72
-3.9375,-139.3542,27.93
-3.9375,-139.1458,27.84
-3.9375,-138.9375,27.86
-3.9375,-138.7292,28.00
-3.9375,-138.5208,28.06
-3.9375,-138.3125,28.06
-3.9375,-138.1042,28.06
-3.9375,-137.8958,28.11
-3.9375,-137.6875,27.97
-3.9375,-137.4792,28.01
-3.9375,-137.2708,28.00
-3.9375,-137.0625,28.15
-3.9375,-136.8542,28.01
-3.9375,-136.6458,28.12
-3.9375,-136.4375,27.99
-3.9375,-136.2292,28.11
-3.9375,-136.0208,28.21
-3.9375,-135.8125,28.22
-3.9375,-135.6042,28.27
-3.9375,-135.3958,28.23
-3.9375,-135.1875,27.95
-3.9375,-134.9792,27.97
-3.9375,-134.7708,28.06
-3.9375,-134.5625,28.10
-3.9375,-134.3542,27.90
-3.9375,-134.1458,27.90
-3.9375,-133.9375,27.95
-3.9375,-133.7292,27.83
-3.9375,-133.5208,27.77
-3.9375,-133.3125,27.71
-3.9375,-133.1042,27.97
-3.9375,-132.8958,28.04
-3.9375,-132.6875,27.90
-3.9375,-132.4792,27.84
-3.9375,-132.2708,27.77
-3.9375,-132.0625,27.77
-3.9375,-131.8542,27.91
-3.9375,-131.6458,27.80
-3.9375,-131.4375,27.69
-3.9375,-131.2292,27.71
-3.9375,-131.0208,27.84
-3.9375,-130.8125,27.72
-3.9375,-130.6042,27.71
-3.9375,-130.3958,27.65
-3.9375,-130.1875,27.55
-3.9375,-129.9792,27.55
-3.9375,-129.7708,27.45
-3.9375,-129.5625,27.59
-3.9375,-129.3542,27.52
-3.9375,-129.1458,27.47
-3.9375,-128.9375,27.48
-3.9375,-128.7292,27.53
-3.9375,-128.5208,27.52
-3.9375,-128.3125,27.65
-3.9375,-128.1042,27.58
-3.9375,-127.8958,27.77
-3.9375,-127.6875,27.88
-3.9375,-127.4792,27.95
-3.9375,-127.2708,27.79
-3.9375,-127.0625,27.88
-3.9375,-126.8542,27.96
-3.9375,-126.6458,27.75
-3.9375,-126.4375,27.75
-3.9375,-126.2292,27.56
-3.9375,-126.0208,27.54
-3.9375,-125.8125,27.56
-3.9375,-125.6042,27.65
-3.9375,-125.3958,27.28
-3.9375,-125.1875,27.44
-3.9375,-124.9792,27.65
-3.9375,-124.7708,27.59
-3.9375,-124.5625,27.50
-3.9375,-124.3542,27.40
-3.9375,-124.1458,27.46
-3.9375,-123.9375,27.39
-3.9375,-123.7292,27.38
-3.9375,-123.5208,27.46
-3.9375,-123.3125,27.46
-3.9375,-123.1042,27.31
-3.9375,-122.8958,27.39
-3.9375,-122.6875,27.27
-3.9375,-122.4792,27.47
-3.9375,-122.2708,27.25
-3.9375,-122.0625,27.18
-3.9375,-121.8542,27.03
-3.9375,-121.6458,27.05
-3.9375,-121.4375,27.18
-3.9375,-121.2292,27.11
-3.9375,-121.0208,27.08
-3.9375,-120.8125,26.86
-3.9375,-120.6042,26.97
-3.9375,-120.3958,26.84
-3.9375,-120.1875,26.81
-4.1458,-169.9792,29.41
-4.1458,-169.7708,29.93
-4.1458,-169.5625,29.59
-4.1458,-169.3542,29.41
-4.1458,-169.1458,29.81
-4.1458,-168.9375,29.63
-4.1458,-168.7292,29.45
-4.1458,-168.5208,29.36
-4.1458,-168.3125,29.45
-4.1458,-168.1042,29.34
-4.1458,-167.8958,29.06
-4.1458,-167.6875,29.10
-4.1458,-167.4792,29.06
-4.1458,-167.2708,28.90
-4.1458,-167.0625,29.11
-4.1458,-166.8542,29.25
-4.1458,-166.6458,29.18
-4.1458,-166.4375,29.17
-4.1458,-166.2292,29.29
-4.1458,-166.0208,29.27
-4.1458,-165.8125,29.15
-4.1458,-165.6042,29.11
-4.1458,-165.3958,29.22
-4.1458,-165.1875,29.32
-4.1458,-164.9792,29.09
-4.1458,-164.7708,29.23
-4.1458,-164.5625,29.19
-4.1458,-164.3542,29.15
-4.1458,-164.1458,28.91
-4.1458,-163.9375,29.08
-4.1458,-163.7292,28.60
-4.1458,-163.5208,28.84
-4.1458,-163.3125,28.91
-4.1458,-163.1042,28.83
-4.1458,-162.8958,28.91
-4.1458,-162.6875,28.86
-4.1458,-162.4792,29.09
-4.1458,-162.2708,28.89
-4.1458,-162.0625,28.90
-4.1458,-161.8542,29.00
-4.1458,-161.6458,28.87
-4.1458,-161.4375,29.18
-4.1458,-161.2292,29.15
-4.1458,-161.0208,29.22
-4.1458,-160.8125,29.29
-4.1458,-160.6042,29.13
-4.1458,-160.3958,29.09
-4.1458,-160.1875,29.07
-4.1458,-159.9792,28.89
-4.1458,-159.7708,29.06
-4.1458,-159.5625,29.04
-4.1458,-159.3542,29.04
-4.1458,-159.1458,29.04
-4.1458,-158.9375,29.14
-4.1458,-158.7292,28.98
-4.1458,-158.5208,29.02
-4.1458,-158.3125,28.93
-4.1458,-158.1042,29.17
-4.1458,-157.8958,29.06
-4.1458,-157.6875,28.85
-4.1458,-157.4792,29.03
-4.1458,-157.2708,28.97
-4.1458,-157.0625,28.83
-4.1458,-156.8542,28.81
-4.1458,-156.6458,28.91
-4.1458,-156.4375,29.04
-4.1458,-156.2292,29.10
-4.1458,-156.0208,29.18
-4.1458,-155.8125,29.14
-4.1458,-155.6042,29.22
-4.1458,-155.3958,29.23
-4.1458,-155.1875,29.34
-4.1458,-154.9792,29.14
-4.1458,-154.7708,29.14
-4.1458,-154.5625,29.06
-4.1458,-154.3542,29.09
-4.1458,-154.1458,29.04
-4.1458,-153.9375,29.04
-4.1458,-153.7292,28.81
-4.1458,-153.5208,28.80
-4.1458,-153.3125,29.02
-4.1458,-153.1042,28.83
-4.1458,-152.8958,28.77
-4.1458,-152.6875,28.58
-4.1458,-152.4792,28.79
-4.1458,-152.2708,28.77
-4.1458,-152.0625,28.70
-4.1458,-151.8542,28.89
-4.1458,-151.6458,28.77
-4.1458,-151.4375,28.78
-4.1458,-151.2292,28.82
-4.1458,-151.0208,28.86
-4.1458,-150.8125,28.77
-4.1458,-150.6042,28.83
-4.1458,-150.3958,28.77
-4.1458,-150.1875,28.92
-4.1458,-149.9792,28.73
-4.1458,-149.7708,28.68
-4.1458,-149.5625,28.65
-4.1458,-149.3542,28.56
-4.1458,-149.1458,28.47
-4.1458,-148.9375,28.38
-4.1458,-148.7292,28.41
-4.1458,-148.5208,28.66
-4.1458,-148.3125,28.36
-4.1458,-148.1042,28.33
-4.1458,-147.8958,28.31
-4.1458,-147.6875,28.27
-4.1458,-147.4792,28.31
-4.1458,-147.2708,28.23
-4.1458,-147.0625,28.25
-4.1458,-146.8542,28.38
-4.1458,-146.6458,28.39
-4.1458,-146.4375,28.34
-4.1458,-146.2292,28.64
-4.1458,-146.0208,28.61
-4.1458,-145.8125,28.85
-4.1458,-145.6042,28.65
-4.1458,-145.3958,28.79
-4.1458,-145.1875,28.69
-4.1458,-144.9792,28.64
-4.1458,-144.7708,28.51
-4.1458,-144.5625,28.57
-4.1458,-144.3542,28.59
-4.1458,-144.1458,28.68
-4.1458,-143.9375,28.54
-4.1458,-143.7292,28.48
-4.1458,-143.5208,28.58
-4.1458,-143.3125,28.52
-4.1458,-143.1042,28.45
-4.1458,-142.8958,28.56
-4.1458,-142.6875,28.69
-4.1458,-142.4792,28.37
-4.1458,-142.2708,28.52
-4.1458,-142.0625,28.35
-4.1458,-141.8542,28.30
-4.1458,-141.6458,28.47
-4.1458,-141.4375,28.51
-4.1458,-141.2292,28.20
-4.1458,-141.0208,28.22
-4.1458,-140.8125,28.26
-4.1458,-140.6042,28.20
-4.1458,-140.3958,28.07
-4.1458,-140.1875,27.89
-4.1458,-139.9792,27.95
-4.1458,-139.7708,27.95
-4.1458,-139.5625,27.79
-4.1458,-139.3542,28.03
-4.1458,-139.1458,27.89
-4.1458,-138.9375,27.87
-4.1458,-138.7292,28.03
-4.1458,-138.5208,28.33
-4.1458,-138.3125,28.37
-4.1458,-138.1042,28.39
-4.1458,-137.8958,28.25
-4.1458,-137.6875,28.22
-4.1458,-137.4792,28.02
-4.1458,-137.2708,28.20
-4.1458,-137.0625,28.14
-4.1458,-136.8542,28.11
-4.1458,-136.6458,28.30
-4.1458,-136.4375,28.12
-4.1458,-136.2292,28.18
-4.1458,-136.0208,28.34
-4.1458,-135.8125,28.20
-4.1458,-135.6042,28.16
-4.1458,-135.3958,28.07
-4.1458,-135.1875,28.00
-4.1458,-134.9792,28.02
-4.1458,-134.7708,28.05
-4.1458,-134.5625,27.90
-4.1458,-134.3542,28.01
-4.1458,-134.1458,27.87
-4.1458,-133.9375,27.84
-4.1458,-133.7292,28.05
-4.1458,-133.5208,28.02
-4.1458,-133.3125,27.96
-4.1458,-133.1042,28.06
-4.1458,-132.8958,28.14
-4.1458,-132.6875,27.93
-4.1458,-132.4792,27.78
-4.1458,-132.2708,27.77
-4.1458,-132.0625,27.89
-4.1458,-131.8542,27.75
-4.1458,-131.6458,27.77
-4.1458,-131.4375,27.76
-4.1458,-131.2292,27.81
-4.1458,-131.0208,27.56
-4.1458,-130.8125,27.78
-4.1458,-130.6042,27.65
-4.1458,-130.3958,27.81
-4.1458,-130.1875,27.75
-4.1458,-129.9792,27.59
-4.1458,-129.7708,27.65
-4.1458,-129.5625,27.71
-4.1458,-129.3542,27.54
-4.1458,-129.1458,27.57
-4.1458,-128.9375,27.59
-4.1458,-128.7292,27.61
-4.1458,-128.5208,27.65
-4.1458,-128.3125,27.71
-4.1458,-128.1042,27.84
-4.1458,-127.8958,27.73
-4.1458,-127.6875,27.73
-4.1458,-127.4792,27.79
-4.1458,-127.2708,27.77
-4.1458,-127.0625,27.89
-4.1458,-126.8542,27.84
-4.1458,-126.6458,27.77
-4.1458,-126.4375,27.72
-4.1458,-126.2292,27.86
-4.1458,-126.0208,27.70
-4.1458,-125.8125,27.65
-4.1458,-125.6042,27.57
-4.1458,-125.3958,27.47
-4.1458,-125.1875,27.49
-4.1458,-124.9792,27.52
-4.1458,-124.7708,27.48
-4.1458,-124.5625,27.40
-4.1458,-124.3542,27.42
-4.1458,-124.1458,27.29
-4.1458,-123.9375,27.41
-4.1458,-123.7292,27.30
-4.1458,-123.5208,27.18
-4.1458,-123.3125,27.29
-4.1458,-123.1042,27.31
-4.1458,-122.8958,27.34
-4.1458,-122.6875,27.34
-4.1458,-122.4792,27.09
-4.1458,-122.2708,27.31
-4.1458,-122.0625,27.23
-4.1458,-121.8542,27.05
-4.1458,-121.6458,27.08
-4.1458,-121.4375,27.05
-4.1458,-121.2292,27.11
-4.1458,-121.0208,27.05
-4.1458,-120.8125,26.88
-4.1458,-120.6042,26.94
-4.1458,-120.3958,26.84
-4.1458,-120.1875,26.75
-4.3542,-169.9792,29.66
-4.3542,-169.7708,29.73
-4.3542,-169.5625,29.77
-4.3542,-169.3542,29.67
-4.3542,-169.1458,29.77
-4.3542,-168.9375,29.64
-4.3542,-168.7292,29.48
-4.3542,-168.5208,29.56
-4.3542,-168.3125,29.47
-4.3542,-168.1042,29.24
-4.3542,-167.8958,29.34
-4.3542,-167.6875,29.05
-4.3542,-167.4792,29.17
-4.3542,-167.2708,29.11
-4.3542,-167.0625,29.07
-4.3542,-166.8542,29.12
-4.3542,-166.6458,29.11
-4.3542,-166.4375,29.14
-4.3542,-166.2292,29.30
-4.3542,-166.0208,29.27
-4.3542,-165.8125,29.21
-4.3542,-165.6042,29.36
-4.3542,-165.3958,29.23
-4.3542,-165.1875,29.12
-4.3542,-164.9792,29.12
-4.3542,-164.7708,29.30
-4.3542,-164.5625,29.13
-4.3542,-164.3542,29.34
-4.3542,-164.1458,29.20
-4.3542,-163.9375,29.25
-4.3542,-163.7292,28.93
-4.3542,-163.5208,29.02
-4.3542,-163.3125,28.88
-4.3542,-163.1042,28.95
-4.3542,-162.8958,28.95
-4.3542,-162.6875,29.06
-4.3542,-162.4792,28.96
-4.3542,-162.2708,28.87
-4.3542,-162.0625,28.98
-4.3542,-161.8542,28.93
-4.3542,-161.6458,28.97
-4.3542,-161.4375,28.96
-4.3542,-161.2292,29.18
-4.3542,-161.0208,29.30
-4.3542,-160.8125,29.16
-4.3542,-160.6042,29.16
-4.3542,-160.3958,29.18
-4.3542,-160.1875,29.01
-4.3542,-159.9792,28.99
-4.3542,-159.7708,29.04
-4.3542,-159.5625,29.08
-4.3542,-159.3542,29.05
-4.3542,-159.1458,28.89
-4.3542,-158.9375,29.02
-4.3542,-158.7292,29.20
-4.3542,-158.5208,29.11
-4.3542,-158.3125,29.09
-4.3542,-158.1042,29.14
-4.3542,-157.8958,29.11
-4.3542,-157.6875,28.99
-4.3542,-157.4792,28.99
-4.3542,-157.2708,28.91
-4.3542,-157.0625,28.99
-4.3542,-156.8542,28.92
-4.3542,-156.6458,28.95
-4.3542,-156.4375,29.03
-4.3542,-156.2292,29.06
-4.3542,-156.0208,29.09
-4.3542,-155.8125,29.12
-4.3542,-155.6042,29.17
-4.3542,-155.3958,29.18
-4.3542,-155.1875,29.18
-4.3542,-154.9792,29.17
-4.3542,-154.7708,29.14
-4.3542,-154.5625,29.05
-4.3542,-154.3542,29.18
-4.3542,-154.1458,29.07
-4.3542,-153.9375,29.07
-4.3542,-153.7292,28.91
-4.3542,-153.5208,28.95
-4.3542,-153.3125,28.96
-4.3542,-153.1042,28.97
-4.3542,-152.8958,28.64
-4.3542,-152.6875,28.74
-4.3542,-152.4792,28.70
-4.3542,-152.2708,28.87
-4.3542,-152.0625,28.78
-4.3542,-151.8542,28.68
-4.3542,-151.6458,28.80
-4.3542,-151.4375,28.75
-4.3542,-151.2292,28.82
-4.3542,-151.0208,29.00
-4.3542,-150.8125,28.84
-4.3542,-150.6042,28.86
-4.3542,-150.3958,28.84
-4.3542,-150.1875,28.85
-4.3542,-149.9792,28.71
-4.3542,-149.7708,28.83
-4.3542,-149.5625,28.70
-4.3542,-149.3542,28.46
-4.3542,-149.1458,28.55
-4.3542,-148.9375,28.59
-4.3542,-148.7292,28.61
-4.3542,-148.5208,28.52
-4.3542,-148.3125,28.47
-4.3542,-148.1042,28.45
-4.3542,-147.8958,28.34
-4.3542,-147.6875,28.22
-4.3542,-147.4792,28.20
-4.3542,-147.2708,28.05
-4.3542,-147.0625,28.15
-4.3542,-146.8542,28.49
-4.3542,-146.6458,28.40
-4.3542,-146.4375,28.43
-4.3542,-146.2292,28.71
-4.3542,-146.0208,28.91
-4.3542,-145.8125,28.88
-4.3542,-145.6042,28.80
-4.3542,-145.3958,28.84
-4.3542,-145.1875,28.64
-4.3542,-144.9792,28.61
-4.3542,-144.7708,28.65
-4.3542,-144.5625,28.75
-4.3542,-144.3542,28.65
-4.3542,-144.1458,28.57
-4.3542,-143.9375,28.59
-4.3542,-143.7292,28.60
-4.3542,-143.5208,28.56
-4.3542,-143.3125,28.59
-4.3542,-143.1042,28.50
-4.3542,-142.8958,28.43
-4.3542,-142.6875,28.65
-4.3542,-142.4792,28.68
-4.3542,-142.2708,28.57
-4.3542,-142.0625,28.40
-4.3542,-141.8542,28.31
-4.3542,-141.6458,28.43
-4.3542,-141.4375,28.48
-4.3542,-141.2292,28.32
-4.3542,-141.0208,28.38
-4.3542,-140.8125,28.22
-4.3542,-140.6042,28.23
-4.3542,-140.3958,28.12
-4.3542,-140.1875,28.10
-4.3542,-139.9792,28.18
-4.3542,-139.7708,27.93
-4.3542,-139.5625,27.89
-4.3542,-139.3542,27.96
-4.3542,-139.1458,27.95
-4.3542,-138.9375,27.89
-4.3542,-138.7292,28.09
-4.3542,-138.5208,28.27
-4.3542,-138.3125,28.20
-4.3542,-138.1042,28.25
-4.3542,-137.8958,28.32
-4.3542,-137.6875,28.22
-4.3542,-137.4792,28.12
-4.3542,-137.2708,28.11
-4.3542,-137.0625,28.21
-4.3542,-136.8542,28.18
-4.3542,-136.6458,28.24
-4.3542,-136.4375,28.23
-4.3542,-136.2292,28.34
-4.3542,-136.0208,28.28
-4.3542,-135.8125,28.36
-4.3542,-135.6042,28.14
-4.3542,-135.3958,27.95
-4.3542,-135.1875,27.93
-4.3542,-134.9792,27.93
-4.3542,-134.7708,28.05
-4.3542,-134.5625,27.93
-4.3542,-134.3542,27.80
-4.3542,-134.1458,27.77
-4.3542,-133.9375,28.17
-4.3542,-133.7292,28.14
-4.3542,-133.5208,28.10
-4.3542,-133.3125,28.07
-4.3542,-133.1042,28.11
-4.3542,-132.8958,27.95
-4.3542,-132.6875,27.93
-4.3542,-132.4792,27.81
-4.3542,-132.2708,27.74
-4.3542,-132.0625,27.81
-4.3542,-131.8542,27.80
-4.3542,-131.6458,27.81
-4.3542,-131.4375,27.77
-4.3542,-131.2292,27.80
-4.3542,-131.0208,27.72
-4.3542,-130.8125,27.62
-4.3542,-130.6042,27.73
-4.3542,-130.3958,27.69
-4.3542,-130.1875,27.63
-4.3542,-129.9792,27.61
-4.3542,-129.7708,27.59
-4.3542,-129.5625,27.73
-4.3542,-129.3542,27.72
-4.3542,-129.1458,27.70
-4.3542,-128.9375,27.61
-4.3542,-128.7292,27.61
-4.3542,-128.5208,27.82
-4.3542,-128.3125,27.72
-4.3542,-128.1042,27.76
-4.3542,-127.8958,27.77
-4.3542,-127.6875,27.86
-4.3542,-127.4792,27.89
-4.3542,-127.2708,27.77
-4.3542,-127.0625,27.82
-4.3542,-126.8542,27.84
-4.3542,-126.6458,27.80
-4.3542,-126.4375,27.91
-4.3542,-126.2292,27.95
-4.3542,-126.0208,27.72
-4.3542,-125.8125,27.87
-4.3542,-125.6042,27.55
-4.3542,-125.3958,27.54
-4.3542,-125.1875,27.67
-4.3542,-124.9792,27.58
-4.3542,-124.7708,27.46
-4.3542,-124.5625,27.32
-4.3542,-124.3542,27.14
-4.3542,-124.1458,27.34
-4.3542,-123.9375,27.30
-4.3542,-123.7292,27.30
-4.3542,-123.5208,27.32
-4.3542,-123.3125,27.25
-4.3542,-123.1042,27.30
-4.3542,-122.8958,27.32
-4.3542,-122.6875,27.21
-4.3542,-122.4792,27.28
-4.3542,-122.2708,27.28
-4.3542,-122.0625,27.29
-4.3542,-121.8542,27.18
-4.3542,-121.6458,26.96
-4.3542,-121.4375,27.04
-4.3542,-121.2292,27.04
-4.3542,-121.0208,26.88
-4.3542,-120.8125,26.84
-4.3542,-120.6042,26.86
-4.3542,-120.3958,26.87
-4.3542,-120.1875,26.73
-4.5625,-169.9792,29.74
-4.5625,-169.7708,29.79
-4.5625,-169.5625,29.66
-4.5625,-169.3542,29.79
-4.5625,-169.1458,29.68
-4.5625,-168.9375,29.66
-4.5625,-168.7292,29.61
-4.5625,-168.5208,29.45
-4.5625,-168.3125,29.39
-4.5625,-168.1042,29.33
-4.5625,-167.8958,29.23
-4.5625,-167.6875,29.17
-4.5625,-167.4792,28.91
-4.5625,-167.2708,29.27
-4.5625,-167.0625,29.15
-4.5625,-166.8542,29.10
-4.5625,-166.6458,29.16
-4.5625,-166.4375,29.30
-4.5625,-166.2292,29.27
-4.5625,-166.0208,29.18
-4.5625,-165.8125,29.17
-4.5625,-165.6042,29.23
-4.5625,-165.3958,29.07
-4.5625,-165.1875,29.22
-4.5625,-164.9792,29.07
-4.5625,-164.7708,29.25
-4.5625,-164.5625,29.21
-4.5625,-164.3542,29.34
-4.5625,-164.1458,29.32
-4.5625,-163.9375,29.25
-4.5625,-163.7292,29.11
-4.5625,-163.5208,28.93
-4.5625,-163.3125,28.82
-4.5625,-163.1042,28.97
-4.5625,-162.8958,29.16
-4.5625,-162.6875,29.15
-4.5625,-162.4792,28.98
-4.5625,-162.2708,29.00
-4.5625,-162.0625,28.95
-4.5625,-161.8542,29.13
-4.5625,-161.6458,28.93
-4.5625,-161.4375,29.10
-4.5625,-161.2292,29.29
-4.5625,-161.0208,29.21
-4.5625,-160.8125,29.27
-4.5625,-160.6042,29.08
-4.5625,-160.3958,29.09
-4.5625,-160.1875,29.09
-4.5625,-159.9792,29.09
-4.5625,-159.7708,28.97
-4.5625,-159.5625,29.12
-4.5625,-159.3542,28.93
-4.5625,-159.1458,29.16
-4.5625,-158.9375,29.14
-4.5625,-158.7292,29.05
-4.5625,-158.5208,29.14
-4.5625,-158.3125,29.21
-4.5625,-158.1042,29.11
-4.5625,-157.8958,29.13
-4.5625,-157.6875,28.96
-4.5625,-157.4792,28.99
-4.5625,-157.2708,29.11
-4.5625,-157.0625,29.06
-4.5625,-156.8542,29.03
-4.5625,-156.6458,28.96
-4.5625,-156.4375,29.12
-4.5625,-156.2292,29.14
-4.5625,-156.0208,29.19
-4.5625,-155.8125,29.20
-4.5625,-155.6042,29.13
-4.5625,-155.3958,29.17
-4.5625,-155.1875,29.33
-4.5625,-154.9792,29.16
-4.5625,-154.7708,29.38
-4.5625,-154.5625,29.18
-4.5625,-154.3542,29.05
-4.5625,-154.1458,29.05
-4.5625,-153.9375,29.09
-4.5625,-153.7292,29.09
-4.5625,-153.5208,29.11
-4.5625,-153.3125,29.06
-4.5625,-153.1042,29.12
-4.5625,-152.8958,29.18
-4.5625,-152.6875,28.70
-4.5625,-152.4792,28.70
-4.5625,-152.2708,28.93
-4.5625,-152.0625,28.96
-4.5625,-151.8542,29.00
-4.5625,-151.6458,28.89
-4.5625,-151.4375,28.70
-4.5625,-151.2292,28.99
-4.5625,-151.0208,28.88
-4.5625,-150.8125,28.89
-4.5625,-150.6042,28.97
-4.5625,-150.3958,28.84
-4.5625,-150.1875,28.84
-4.5625,-149.9792,28.62
-4.5625,-149.7708,28.77
-4.5625,-149.5625,28.54
-4.5625,-149.3542,28.64
-4.5625,-149.1458,28.62
-4.5625,-148.9375,28.62
-4.5625,-148.7292,28.37
-4.5625,-148.5208,28.52
-4.5625,-148.3125,28.35
-4.5625,-148.1042,28.22
-4.5625,-147.8958,28.31
-4.5625,-147.6875,28.38
-4.5625,-147.4792,28.44
-4.5625,-147.2708,28.08
-4.5625,-147.0625,28.27
-4.5625,-146.8542,28.49
-4.5625,-146.6458,28.43
-4.5625,-146.4375,28.73
-4.5625,-146.2292,28.77
-4.5625,-146.0208,28.86
-4.5625,-145.8125,28.79
-4.5625,-145.6042,28.65
-4.5625,-145.3958,28.72
-4.5625,-145.1875,28.70
-4.5625,-144.9792,28.77
-4.5625,-144.7708,28.70
-4.5625,-144.5625,28.52
-4.5625,-144.3542,28.66
-4.5625,-144.1458,28.58
-4.5625,-143.9375,28.59
-4.5625,-143.7292,28.56
-4.5625,-143.5208,28.59
-4.5625,-143.3125,28.65
-4.5625,-143.1042,28.64
-4.5625,-142.8958,28.59
-4.5625,-142.6875,28.56
-4.5625,-142.4792,28.61
-4.5625,-142.2708,28.45
-4.5625,-142.0625,28.47
-4.5625,-141.8542,28.30
-4.5625,-141.6458,28.07
-4.5625,-141.4375,28.20
-4.5625,-141.2292,28.35
-4.5625,-141.0208,28.65
-4.5625,-140.8125,28.52
-4.5625,-140.6042,28.48
-4.5625,-140.3958,28.43
-4.5625,-140.1875,28.14
-4.5625,-139.9792,28.20
-4.5625,-139.7708,28.12
-4.5625,-139.5625,28.16
-4.5625,-139.3542,28.02
-4.5625,-139.1458,28.22
-4.5625,-138.9375,28.09
-4.5625,-138.7292,28.09
-4.5625,-138.5208,28.40
-4.5625,-138.3125,28.20
-4.5625,-138.1042,28.20
-4.5625,-137.8958,28.25
-4.5625,-137.6875,28.18
-4.5625,-137.4792,28.25
-4.5625,-137.2708,28.02
-4.5625,-137.0625,28.05
-4.5625,-136.8542,28.18
-4.5625,-136.6458,28.23
-4.5625,-136.4375,28.26
-4.5625,-136.2292,28.23
-4.5625,-136.0208,28.21
-4.5625,-135.8125,27.95
-4.5625,-135.6042,27.90
-4.5625,-135.3958,28.08
-4.5625,-135.1875,28.02
-4.5625,-134.9792,27.83
-4.5625,-134.7708,27.92
-4.5625,-134.5625,27.99
-4.5625,-134.3542,28.02
-4.5625,-134.1458,27.97
-4.5625,-133.9375,28.02
-4.5625,-133.7292,28.11
-4.5625,-133.5208,27.93
-4.5625,-133.3125,27.94
-4.5625,-133.1042,27.93
-4.5625,-132.8958,27.84
-4.5625,-132.6875,27.97
-4.5625,-132.4792,28.04
-4.5625,-132.2708,28.01
-4.5625,-132.0625,27.79
-4.5625,-131.8542,27.81
-4.5625,-131.6458,27.77
-4.5625,-131.4375,27.65
-4.5625,-131.2292,27.72
-4.5625,-131.0208,27.66
-4.5625,-130.8125,27.68
-4.5625,-130.6042,27.66
-4.5625,-130.3958,27.75
-4.5625,-130.1875,27.82
-4.5625,-129.9792,27.78
-4.5625,-129.7708,27.64
-4.5625,-129.5625,27.65
-4.5625,-129.3542,27.60
-4.5625,-129.1458,27.69
-4.5625,-128.9375,27.67
-4.5625,-128.7292,27.71
-4.5625,-128.5208,27.70
-4.5625,-128.3125,27.85
-4.5625,-128.1042,27.70
-4.5625,-127.8958,27.82
-4.5625,-127.6875,27.84
-4.5625,-127.4792,27.66
-4.5625,-127.2708,27.73
-4.5625,-127.0625,27.74
-4.5625,-126.8542,27.65
-4.5625,-126.6458,28.07
-4.5625,-126.4375,27.89
-4.5625,-126.2292,27.62
-4.5625,-126.0208,27.89
-4.5625,-125.8125,27.46
-4.5625,-125.6042,27.60
-4.5625,-125.3958,27.53
-4.5625,-125.1875,27.50
-4.5625,-124.9792,27.57
-4.5625,-124.7708,27.51
-4.5625,-124.5625,27.45
-4.5625,-124.3542,27.50
-4.5625,-124.1458,27.27
-4.5625,-123.9375,27.28
-4.5625,-123.7292,27.26
-4.5625,-123.5208,27.17
-4.5625,-123.3125,27.15
-4.5625,-123.1042,27.25
-4.5625,-122.8958,27.14
-4.5625,-122.6875,26.99
-4.5625,-122.4792,27.02
-4.5625,-122.2708,27.16
-4.5625,-122.0625,27.23
-4.5625,-121.8542,27.24
-4.5625,-121.6458,26.94
-4.5625,-121.4375,26.99
-4.5625,-121.2292,26.89
-4.5625,-121.0208,26.92
-4.5625,-120.8125,26.89
-4.5625,-120.6042,26.86
-4.5625,-120.3958,26.94
-4.5625,-120.1875,26.86
-4.7708,-169.9792,29.82
-4.7708,-169.7708,29.91
-4.7708,-169.5625,29.83
-4.7708,-169.3542,29.74
-4.7708,-169.1458,29.84
-4.7708,-168.9375,29.80
-4.7708,-168.7292,29.48
-4.7708,-168.5208,29.48
-4.7708,-168.3125,29.55
-4.7708,-168.1042,29.31
-4.7708,-167.8958,28.89
-4.7708,-167.6875,29.18
-4.7708,-167.4792,29.14
-4.7708,-167.2708,29.09
-4.7708,-167.0625,29.34
-4.7708,-166.8542,29.15
-4.7708,-166.6458,29.27
-4.7708,-166.4375,29.14
-4.7708,-166.2292,29.20
-4.7708,-166.0208,29.22
-4.7708,-165.8125,29.31
-4.7708,-165.6042,29.32
-4.7708,-165.3958,29.19
-4.7708,-165.1875,29.06
-4.7708,-164.9792,29.14
-4.7708,-164.7708,29.04
-4.7708,-164.5625,29.20
-4.7708,-164.3542,29.14
-4.7708,-164.1458,29.12
-4.7708,-163.9375,29.18
-4.7708,-163.7292,29.23
-4.7708,-163.5208,29.08
-4.7708,-163.3125,29.00
-4.7708,-163.1042,29.09
-4.7708,-162.8958,29.09
-4.7708,-162.6875,29.15
-4.7708,-162.4792,29.00
-4.7708,-162.2708,29.07
-4.7708,-162.0625,28.96
-4.7708,-161.8542,29.12
-4.7708,-161.6458,29.26
-4.7708,-161.4375,29.46
-4.7708,-161.2292,29.46
-4.7708,-161.0208,29.34
-4.7708,-160.8125,29.23
-4.7708,-160.6042,29.20
-4.7708,-160.3958,29.20
-4.7708,-160.1875,29.08
-4.7708,-159.9792,29.29
-4.7708,-159.7708,29.42
-4.7708,-159.5625,29.37
-4.7708,-159.3542,29.20
-4.7708,-159.1458,28.89
-4.7708,-158.9375,28.80
-4.7708,-158.7292,29.04
-4.7708,-158.5208,29.20
-4.7708,-158.3125,29.04
-4.7708,-158.1042,29.14
-4.7708,-157.8958,29.05
-4.7708,-157.6875,29.06
-4.7708,-157.4792,28.93
-4.7708,-157.2708,28.95
-4.7708,-157.0625,29.02
-4.7708,-156.8542,29.05
-4.7708,-156.6458,29.15
-4.7708,-156.4375,29.20
-4.7708,-156.2292,29.33
-4.7708,-156.0208,29.20
-4.7708,-155.8125,29.28
-4.7708,-155.6042,29.21
-4.7708,-155.3958,29.18
-4.7708,-155.1875,29.30
-4.7708,-154.9792,29.31
-4.7708,-154.7708,29.25
-4.7708,-154.5625,29.27
-4.7708,-154.3542,29.11
-4.7708,-154.1458,29.23
-4.7708,-153.9375,29.18
-4.7708,-153.7292,29.18
-4.7708,-153.5208,29.12
-4.7708,-153.3125,29.00
-4.7708,-153.1042,28.96
-4.7708,-152.8958,29.27
-4.7708,-152.6875,29.05
-4.7708,-152.4792,29.08
-4.7708,-152.2708,29.00
-4.7708,-152.0625,29.00
-4.7708,-151.8542,28.89
-4.7708,-151.6458,29.04
-4.7708,-151.4375,28.93
-4.7708,-151.2292,28.93
-4.7708,-151.0208,29.00
-4.7708,-150.8125,28.91
-4.7708,-150.6042,28.81
-4.7708,-150.3958,28.90
-4.7708,-150.1875,28.80
-4.7708,-149.9792,28.77
-4.7708,-149.7708,28.70
-4.7708,-149.5625,28.87
-4.7708,-149.3542,28.61
-4.7708,-149.1458,28.64
-4.7708,-148.9375,28.61
-4.7708,-148.7292,28.56
-4.7708,-148.5208,28.50
-4.7708,-148.3125,28.52
-4.7708,-148.1042,28.40
-4.7708,-147.8958,28.45
-4.7708,-147.6875,28.39
-4.7708,-147.4792,28.55
-4.7708,-147.2708,28.40
-4.7708,-147.0625,28.71
-4.7708,-146.8542,28.67
-4.7708,-146.6458,28.64
-4.7708,-146.4375,28.68
-4.7708,-146.2292,28.86
-4.7708,-146.0208,28.82
-4.7708,-145.8125,28.72
-4.7708,-145.6042,28.85
-4.7708,-145.3958,28.50
-4.7708,-145.1875,28.61
-4.7708,-144.9792,28.72
-4.7708,-144.7708,28.70
-4.7708,-144.5625,28.64
-4.7708,-144.3542,28.53
-4.7708,-144.1458,28.59
-4.7708,-143.9375,28.42
-4.7708,-143.7292,28.73
-4.7708,-143.5208,28.61
-4.7708,-143.3125,28.64
-4.7708,-143.1042,28.78
-4.7708,-142.8958,28.53
-4.7708,-142.6875,28.45
-4.7708,-142.4792,28.43
-4.7708,-142.2708,28.39
-4.7708,-142.0625,28.38
-4.7708,-141.8542,28.37
-4.7708,-141.6458,27.94
-4.7708,-141.4375,28.00
-4.7708,-141.2292,28.38
-4.7708,-141.0208,28.16
-4.7708,-140.8125,28.50
-4.7708,-140.6042,28.47
-4.7708,-140.3958,28.52
-4.7708,-140.1875,28.36
-4.7708,-139.9792,28.26
-4.7708,-139.7708,28.16
-4.7708,-139.5625,28.19
-4.7708,-139.3542,28.38
-4.7708,-139.1458,28.20
-4.7708,-138.9375,28.30
-4.7708,-138.7292,28.17
-4.7708,-138.5208,28.26
-4.7708,-138.3125,28.24
-4.7708,-138.1042,28.41
-4.7708,-137.8958,28.21
-4.7708,-137.6875,28.34
-4.7708,-137.4792,28.33
-4.7708,-137.2708,28.18
-4.7708,-137.0625,28.11
-4.7708,-136.8542,28.02
-4.7708,-136.6458,28.14
-4.7708,-136.4375,28.25
-4.7708,-136.2292,28.14
-4.7708,-136.0208,28.05
-4.7708,-135.8125,27.85
-4.7708,-135.6042,28.11
-4.7708,-135.3958,27.81
-4.7708,-135.1875,27.91
-4.7708,-134.9792,27.88
-4.7708,-134.7708,27.84
-4.7708,-134.5625,27.91
-4.7708,-134.3542,28.09
-4.7708,-134.1458,27.88
-4.7708,-133.9375,28.00
-4.7708,-133.7292,27.84
-4.7708,-133.5208,27.86
-4.7708,-133.3125,27.94
-4.7708,-133.1042,28.03
-4.7708,-132.8958,28.02
-4.7708,-132.6875,27.84
-4.7708,-132.4792,27.94
-4.7708,-132.2708,27.96
-4.7708,-132.0625,27.90
-4.7708,-131.8542,27.85
-4.7708,-131.6458,27.88
-4.7708,-131.4375,27.76
-4.7708,-131.2292,27.76
-4.7708,-131.0208,27.80
-4.7708,-130.8125,27.71
-4.7708,-130.6042,27.65
-4.7708,-130.3958,27.79
-4.7708,-130.1875,27.76
-4.7708,-129.9792,27.71
-4.7708,-129.7708,27.64
-4.7708,-129.5625,27.69
-4.7708,-129.3542,27.66
-4.7708,-129.1458,27.79
-4.7708,-128.9375,27.71
-4.7708,-128.7292,27.72
-4.7708,-128.5208,27.84
-4.7708,-128.3125,27.75
-4.7708,-128.1042,27.65
-4.7708,-127.8958,27.80
-4.7708,-127.6875,27.81
-4.7708,-127.4792,27.98
-4.7708,-127.2708,27.76
-4.7708,-127.0625,27.75
-4.7708,-126.8542,27.72
-4.7708,-126.6458,27.66
-4.7708,-126.4375,27.59
-4.7708,-126.2292,27.75
-4.7708,-126.0208,27.69
-4.7708,-125.8125,27.80
-4.7708,-125.6042,27.57
-4.7708,-125.3958,27.80
-4.7708,-125.1875,27.49
-4.7708,-124.9792,27.30
-4.7708,-124.7708,27.19
-4.7708,-124.5625,27.41
-4.7708,-124.3542,27.21
-4.7708,-124.1458,27.10
-4.7708,-123.9375,27.26
-4.7708,-123.7292,27.21
-4.7708,-123.5208,27.23
-4.7708,-123.3125,27.08
-4.7708,-123.1042,27.21
-4.7708,-122.8958,27.12
-4.7708,-122.6875,27.11
-4.7708,-122.4792,27.15
-4.7708,-122.2708,26.90
-4.7708,-122.0625,27.14
-4.7708,-121.8542,27.27
-4.7708,-121.6458,27.19
-4.7708,-121.4375,27.14
-4.7708,-121.2292,27.14
-4.7708,-121.0208,27.15
-4.7708,-120.8125,26.98
-4.7708,-120.6042,26.79
-4.7708,-120.3958,26.86
-4.7708,-120.1875,27.00
-4.9792,-169.9792,29.70
-4.9792,-169.7708,29.76
-4.9792,-169.5625,29.79
-4.9792,-169.3542,29.70
-4.9792,-169.1458,29.70
-4.9792,-168.9375,29.68
-4.9792,-168.7292,29.45
-4.9792,-168.5208,29.44
-4.9792,-168.3125,29.43
-4.9792,-168.1042,29.25
-4.9792,-167.8958,29.29
-4.9792,-167.6875,29.17
-4.9792,-167.4792,29.09
-4.9792,-167.2708,29.15
-4.9792,-167.0625,29.18
-4.9792,-166.8542,29.07
-4.9792,-166.6458,29.22
-4.9792,-166.4375,29.20
-4.9792,-166.2292,29.24
-4.9792,-166.0208,29.22
-4.9792,-165.8125,29.24
-4.9792,-165.6042,29.32
-4.9792,-165.3958,29.23
-4.9792,-165.1875,29.09
-4.9792,-164.9792,29.05
-4.9792,-164.7708,29.15
-4.9792,-164.5625,29.29
-4.9792,-164.3542,29.23
-4.9792,-164.1458,29.26
-4.9792,-163.9375,29.29
-4.9792,-163.7292,29.25
-4.9792,-163.5208,29.39
-4.9792,-163.3125,29.12
-4.9792,-163.1042,29.04
-4.9792,-162.8958,28.91
-4.9792,-162.6875,29.14
-4.9792,-162.4792,28.93
-4.9792,-162.2708,28.99
-4.9792,-162.0625,29.09
-4.9792,-161.8542,28.97
-4.9792,-161.6458,29.30
-4.9792,-161.4375,29.30
-4.9792,-161.2292,29.48
-4.9792,-161.0208,29.34
-4.9792,-160.8125,29.35
-4.9792,-160.6042,29.40
-4.9792,-160.3958,29.49
-4.9792,-160.1875,29.36
-4.9792,-159.9792,29.25
-4.9792,-159.7708,29.24
-4.9792,-159.5625,29.21
-4.9792,-159.3542,29.39
-4.9792,-159.1458,29.00
-4.9792,-158.9375,29.37
-4.9792,-158.7292,29.14
-4.9792,-158.5208,29.00
-4.9792,-158.3125,29.16
-4.9792,-158.1042,28.95
-4.9792,-157.8958,28.95
-4.9792,-157.6875,29.05
-4.9792,-157.4792,28.96
-4.9792,-157.2708,28.89
-4.9792,-157.0625,29.07
-4.9792,-156.8542,29.22
-4.9792,-156.6458,29.14
-4.9792,-156.4375,29.24
-4.9792,-156.2292,29.45
-4.9792,-156.0208,29.41
-4.9792,-155.8125,29.29
-4.9792,-155.6042,29.33
-4.9792,-155.3958,29.31
-4.9792,-155.1875,29.40
-4.9792,-154.9792,29.41
-4.9792,-154.7708,29.27
-4.9792,-154.5625,29.31
-4.9792,-154.3542,29.31
-4.9792,-154.1458,29.21
-4.9792,-153.9375,29.27
-4.9792,-153.7292,29.19
-4.9792,-153.5208,29.11
-4.9792,-153.3125,28.95
-4.9792,-153.1042,28.96
-4.9792,-152.8958,29.01
-4.9792,-152.6875,28.93
-4.9792,-152.4792,28.98
-4.9792,-152.2708,29.07
-4.9792,-152.0625,29.16
-4.9792,-151.8542,29.02
-4.9792,-151.6458,29.25
-4.9792,-151.4375,29.00
-4.9792,-151.2292,29.14
-4.9792,-151.0208,29.10
-4.9792,-150.8125,28.84
-4.9792,-150.6042,28.78
-4.9792,-150.3958,28.84
-4.9792,-150.1875,28.78
-4.9792,-149.9792,28.66
-4.9792,-149.7708,28.71
-4.9792,-149.5625,28.64
-4.9792,-149.3542,28.61
-4.9792,-149.1458,28.74
-4.9792,-148.9375,28.81
-4.9792,-148.7292,28.72
-4.9792,-148.5208,28.81
-4.9792,-148.3125,28.52
-4.9792,-148.1042,28.66
-4.9792,-147.8958,28.70
-4.9792,-147.6875,28.66
-4.9792,-147.4792,28.54
-4.9792,-147.2708,28.61
-4.9792,-147.0625,28.69
-4.9792,-146.8542,28.47
-4.9792,-146.6458,28.49
-4.9792,-146.4375,28.64
-4.9792,-146.2292,28.91
-4.9792,-146.0208,28.89
-4.9792,-145.8125,28.67
-4.9792,-145.6042,28.65
-4.9792,-145.3958,28.57
-4.9792,-145.1875,28.66
-4.9792,-144.9792,28.72
-4.9792,-144.7708,28.73
-4.9792,-144.5625,28.82
-4.9792,-144.3542,28.61
-4.9792,-144.1458,28.52
-4.9792,-143.9375,28.55
-4.9792,-143.7292,28.59
-4.9792,-143.5208,28.67
-4.9792,-143.3125,28.64
-4.9792,-143.1042,28.68
-4.9792,-142.8958,28.58
-4.9792,-142.6875,28.55
-4.9792,-142.4792,28.45
-4.9792,-142.2708,28.33
-4.9792,-142.0625,28.36
-4.9792,-141.8542,28.26
-4.9792,-141.6458,28.25
-4.9792,-141.4375,28.17
-4.9792,-141.2292,28.15
-4.9792,-141.0208,28.37
-4.9792,-140.8125,28.34
-4.9792,-140.6042,28.36
-4.9792,-140.3958,28.57
-4.9792,-140.1875,28.34
-4.9792,-139.9792,28.34
-4.9792,-139.7708,28.31
-4.9792,-139.5625,28.32
-4.9792,-139.3542,28.31
-4.9792,-139.1458,28.45
-4.9792,-138.9375,28.39
-4.9792,-138.7292,28.41
-4.9792,-138.5208,28.57
-4.9792,-138.3125,28.52
-4.9792,-138.1042,28.41
-4.9792,-137.8958,28.39
-4.9792,-137.6875,28.48
-4.9792,-137.4792,28.25
-4.9792,-137.2708,28.35
-4.9792,-137.0625,28.10
-4.9792,-136.8542,28.18
-4.9792,-136.6458,28.12
-4.9792,-136.4375,28.29
-4.9792,-136.2292,28.01
-4.9792,-136.0208,27.93
-4.9792,-135.8125,27.87
-4.9792,-135.6042,27.95
-4.9792,-135.3958,28.05
-4.9792,-135.1875,28.02
-4.9792,-134.9792,28.06
-4.9792,-134.7708,27.93
-4.9792,-134.5625,27.88
-4.9792,-134.3542,27.93
-4.9792,-134.1458,27.87
-4.9792,-133.9375,27.97
-4.9792,-133.7292,27.93
-4.9792,-133.5208,28.02
-4.9792,-133.3125,27.91
-4.9792,-133.1042,27.94
-4.9792,-132.8958,28.09
-4.9792,-132.6875,27.95
-4.9792,-132.4792,27.96
-4.9792,-132.2708,27.93
-4.9792,-132.0625,27.89
-4.9792,-131.8542,27.80
-4.9792,-131.6458,27.72
-4.9792,-131.4375,27.82
-4.9792,-131.2292,27.70
-4.9792,-131.0208,27.79
-4.9792,-130.8125,27.65
-4.9792,-130.6042,27.67
-4.9792,-130.3958,27.76
-4.9792,-130.1875,27.77
-4.9792,-129.9792,27.70
-4.9792,-129.7708,27.75
-4.9792,-129.5625,27.86
-4.9792,-129.3542,27.69
-4.9792,-129.1458,27.77
-4.9792,-128.9375,27.58
-4.9792,-128.7292,27.59
-4.9792,-128.5208,27.72
-4.9792,-128.3125,27.64
-4.9792,-128.1042,27.73
-4.9792,-127.8958,27.54
-4.9792,-127.6875,27.42
-4.9792,-127.4792,27.85
-4.9792,-127.2708,27.89
-4.9792,-127.0625,27.79
-4.9792,-126.8542,27.61
-4.9792,-126.6458,27.79
-4.9792,-126.4375,27.77
-4.9792,-126.2292,27.80
-4.9792,-126.0208,27.72
-4.9792,-125.8125,27.71
-4.9792,-125.6042,27.80
-4.9792,-125.3958,27.84
-4.9792,-125.1875,27.47
-4.9792,-124.9792,27.25
-4.9792,-124.7708,27.56
-4.9792,-124.5625,27.22
-4.9792,-124.3542,27.32
-4.9792,-124.1458,27.29
-4.9792,-123.9375,27.27
-4.9792,-123.7292,27.16
-4.9792,-123.5208,27.29
-4.9792,-123.3125,27.18
-4.9792,-123.1042,27.30
-4.9792,-122.8958,27.37
-4.9792,-122.6875,27.11
-4.9792,-122.4792,27.22
-4.9792,-122.2708,27.07
-4.9792,-122.0625,27.31
-4.9792,-121.8542,27.15
-4.9792,-121.6458,27.31
-4.9792,-121.4375,26.99
-4.9792,-121.2292,27.12
-4.9792,-121.0208,27.03
-4.9792,-120.8125,27.12
-4.9792,-120.6042,26.97
-4.9792,-120.3958,27.07
-4.9792,-120.1875,27.04
